program_id,university,programName_en,programName_ch,FacultyName,isdoubledegree,isPopular,isGod,isInterview,cat_ch,cat,type_ch,type,type2_ch,type2,first_year_intake,isInterview_1,numOfYear,vacancy_2025,UQ_2025,Median_2025,LQ_2025,vacancy_2024,UQ_2024,Median_2024,LQ_2024,UQ_2023,Median_2023,LQ_2023
JS1000,CITYU,BSc Computational Finance and Financial Technology (streams: Computational Finance / Financial Technology),計算金融與金融科技理學士,College of Business,FALSE,FALSE,FALSE,,商業與金融,Business & Finance,金融科技,Fintech,金融,finance,10,Selective,4,10,,24.5,23.5,799,,24.5,,,,
JS1001,CITYU,BBA Global Business,全球商業工商管理學士,College of Business,FALSE,FALSE,FALSE,,商業與金融,Business & Finance,工商管理,Business Administration,環球商業,Global Business,15,Selective,4,15,,29.5,28,799,,29,25.5,,,
JS1002,CITYU,BBA Accountancy,會計學工商管理學士,College of Business,FALSE,FALSE,FALSE,,商業與金融,Business & Finance,工商管理,Business Administration,會計,Accounting,148,Selective,4,148,,22,21.5,799,,20.5,20,,,
JS1005,CITYU,BBA Management,管理學工商管理學士,College of Business,FALSE,FALSE,FALSE,,商業與金融,Business & Finance,工商管理,Business Administration,管理學,Management,58,Selective,4,58,,22,21.5,799,,20.5,20.5,,,
JS1007,CITYU,BBA Marketing,市場營銷工商管理學士,College of Business,FALSE,FALSE,FALSE,,商業與金融,Business & Finance,工商管理,Business Administration,市場營銷,Marketing,82,Selective,4,82,,24.5,23.5,799,,23.5,22,,,
JS1012,CITYU,Economics and Finance (Majors: BBA Business Economics / BBA Finance),經濟與金融 (商業經濟工商管理學士 / 金融工商管理學士),College of Business,FALSE,FALSE,FALSE,,商業與金融,Business & Finance,經濟,Economics,金融,finance,29,Not required,4,29,,23,22.5,799,,21.5,21.5,,,
JS1013,CITYU,BBA Business Economics,商業經濟工商管理學士,College of Business,FALSE,FALSE,FALSE,,商業與金融,Business & Finance,工商管理,Business Administration,經濟,Economics,31,Not required,4,31,,22,21.5,799,,20.5,20.5,,,
JS1014,CITYU,BBA Finance,金融工商管理學士,College of Business,FALSE,FALSE,FALSE,,商業與金融,Business & Finance,工商管理,Business Administration,金融,finance,96,Not required,4,96,,21.5,21.5,799,,20.5,20.5,,,
JS1017,CITYU,Information Systems (Majors: BBA Global Business Systems Management / BBA Information Management),資訊系統 (全球商業系統管理工商管理學士 / 資訊管理工商管理學士),College of Business,FALSE,FALSE,FALSE,,商業與金融,Business & Finance,工商管理,Business Administration,資訊系統,Information System,62,Selective,4,62,,21,20.5,799,,20.5,19.5,,,
JS1018,CITYU,BBA Global Business Systems Management (Features: Intelligent Technologies / Global Business / Study Exchange),全球商業系統管理工商管理學士,College of Business,FALSE,FALSE,TRUE,,商業與金融,Business & Finance,工商管理,Business Administration,商業,Global Business,10,Selective,4,10,,24,23.5,799,,22,22,,,
JS1019,CITYU,BBA Information Management (Streams: Business Intelligence / Information Systems Auditing / Internet Services and Social Networks / Data Informatics),資訊管理工商管理學士,College of Business,FALSE,FALSE,FALSE,,商業與金融,Business & Finance,工商管理,Business Administration,,,10,Selective,4,10,,21,21,799,,20.5,19.5,,,
JS1026,CITYU,BBA Business Decision Analytics (Streams: Decision Analytics / Data Informatics),商業決策分析工商管理學士,College of Business,FALSE,FALSE,FALSE,,商業與金融,Business & Finance,工商管理,Business Administration,,,36,Selective,4,36,,21.5,21,799,,19.5,19,,,
JS1027,CITYU,BBA Global Operations Management (Features: Supply Chain Management / Operations Efficiency / Process Improvement / Operations Analytics / Resource Planning),全球運營管理工商管理學士,College of Business,FALSE,FALSE,FALSE,,商業與金融,Business & Finance,工商管理,Business Administration,全球研究,Global Research,35,Selective,4,35,,21.5,21,799,,19.5,19,,,
JS1040,CITYU,Creative Arts and Technology Excellence (CREATE) (Options: Creative Media (School-based)/ BA Creative Media / BSc Creative Media / BAS New Media),創意藝術與科技卓越 (CREATE) (創意媒體 / 創意媒體文學士 / 創意媒體理學士 / 新媒體文學士),School of Creative Media,FALSE,FALSE,FALSE,,新聞與傳播,Journalism & Communication,創意媒體,Creative Media,,,10,Not required,4,10,,28,24.5,799,,,,,,
JS1041,CITYU,Creative Media (Majors: BA Creative Media / BSc Creative Media / BAS New Media),創意媒體 (創意媒體文學士 / 創意媒體理學士 / 新媒體文學士),School of Creative Media,FALSE,FALSE,FALSE,,新聞與傳播,Journalism & Communication,創意媒體,Creative Media,,,21,Not required,4,21,,25.5,25,799,,25,23.5,,,
JS1042,CITYU,BA Creative Media (Features: Animation / Cinema & Photography / Critical Theory & Practices / Game & Playable Media / New Media Art / Sound Art),創意媒體文學士,School of Creative Media,FALSE,FALSE,FALSE,,新聞與傳播,Journalism & Communication,創意媒體,Creative Media,,,17,Not required,4,17,,27.5,27,799,,27,26.5,,,
JS1043,CITYU,BSc Creative Media (Features: Combination of Creative Media and Computer Science Courses / Animation/ Games / Installation / Interactivity),創意媒體理學士,School of Creative Media,FALSE,FALSE,FALSE,,創意藝術與設計,Creative Arts & Design,創意媒體,Creative Media,,,25,Not required,4,25,,26.5,25.5,799,,27,25.5,,,
JS1044,CITYU,BAS New Media (Features: Media Art / Robotics & AI / Art & Technology / Materials & Digital Fabrication),新媒體文學士,School of Creative Media,FALSE,FALSE,FALSE,,新聞與傳播,Journalism & Communication,創意媒體,Creative Media,文學,literature,17,Not required,4,17,,24,24,799,,23.5,23,,,
JS1050,CITYU,"International Sustainability Programme for Innovation, Research & Entrepreneurship(INSPIRE) (Majors: BEng Energy Science & Engineering/BEng Environmental Science & Engineering +Features: Global Focus)",國際可持續發展創新、研究與創業計劃 (INSPIRE) (能源科學與工程學士 / 環境科學與工程學士),School of Energy and Environment,FALSE,FALSE,FALSE,,科學與數理,Sciences & Quantitative Studies,創業,entrepreneurship,可持續發展,Sustainable development,10,Selective,4,10,,38,36.5,799,,,,,,
JS1051,CITYU,Energy and Environment (Majors: BEng Energy Science and Engineering / BEng Environmental Science and Engineering),能源與環境 (能源科學與工程學士 / 環境科學與工程學士),School of Energy and Environment,FALSE,FALSE,FALSE,,科學與數理,Sciences & Quantitative Studies,環境科學,Environmental Science,能源,energy,32,Selective,4,32,,40.5,40,799,,37.5,36.5,,,
JS1052,CITYU,"BEng Environmental Science and Engineering and BBA Finance (Double Degree; Features: Environmental, Social & Governance (ESG) / Green Finance / Environmental Technology / Interdisciplinary Education)",環境科學與工程學士及金融工商管理學士 (雙學位),School of Energy and Environment,TRUE,FALSE,FALSE,,工程與科技,Engineering & Technology,環境科學,Environmental Science,金融,finance,10,Selective,5,10,,40,39.5,799,,36,35,,,
JS1053,CITYU,"BSc Environment and Sustainable Business (Features: Environmental Science / Business Sustainability / Environmental, Social & Governance (ESG))",環境與可持續商業理學士,College of Business,FALSE,FALSE,FALSE,,科學與數理,Sciences & Quantitative Studies,商業,Sustainable Business,可持續發展,Sustainable development,30,Selective,4,30,,40,39.5,799,,,,,,
JS1061,CITYU,Bachelor of Laws,法律學士,Faculty of Law,FALSE,TRUE,TRUE,,法律,Law,法律,law,,,42,May require,4,42,,23,21.5,799,,24.5,23.5,,,
JS1062,CITYU,Bachelor of Laws and BBA Accountancy (Double Degree),法律學士及會計學工商管理學士 (雙學位),School of Law/School of Business,TRUE,TRUE,FALSE,,商業與金融,Business & Finance,法律,law,會計,Accounting,8,May require,5,8,,29,25,799,,29,24.5,,,
JS1070,CITYU,"Data Empowerment: Learn, Transform and Achieve (DELTA) (Features: Free Choice of Major/One-to-One Advisor/Elite Work Placement/Executive Mentor Scheme/Premium Overseas Exchange/Internship Exchange)",數據賦能：學習、突破與成就 (DELTA),College of Computing,FALSE,FALSE,FALSE,,工程與科技,Engineering & Technology,數據科學,Data Science,人工智能,AI,10,May require,4,10,,31,30,799,,,,,,
JS1071,CITYU,Data Science (Majors: BSc Data Science / BSc Data and Systems Engineering),數據科學  [主修：理學士 (數據科學) / 理學士 (數據與系統工程)],School of Data Science,FALSE,FALSE,FALSE,,科學與數理,Sciences & Quantitative Studies,數據科學,Data Science,,,20,May require,4,20,,27.5,27.5,799,,28,27,,,
JS1072,CITYU,BSc Data Science (Features: Data Science / Machine Learning / Data Mining / Big Data Analysis),理學士(數據科學),School of Data Science,FALSE,FALSE,FALSE,,工程與科技,Engineering & Technology,數據科學,Data Science,,,28,May require,4,28,,29,28.5,799,,29,28,,,
JS1074,CITYU,BSc Data and Systems Engineering (Features: Data Science / FinTech / Industrial AI / Smart City / Internet of Things),理學士(數據與系統工程),School of Data Science,FALSE,FALSE,FALSE,,工程與科技,Engineering & Technology,數據工程,Data Engineering,系統工程,Systems Engineering,18,May require,4,18,,28,27.5,799,,27,27,,,
JS1102,CITYU,BSocSc International Relations and Global Affairs (Streams: Asian Studies / International Studies / Development Studies),國際關係與全球事務社會科學學士,College of Liberal Arts and Social Sciences,FALSE,FALSE,FALSE,,社會科學與公共事務,Social Sciences & Public Affairs,國際關係,International Relations,全球研究,Global Research,20,Not required,4,20,,24,23.5,799,,24,23.5,,,
JS1103,CITYU,BA Chinese and History (Streams: Chinese / History and Cultural Heritage),中文與歷史文學士,Faculty of Humanities and Social Sciences,FALSE,FALSE,FALSE,,人文語言與文化,"Humanities, Languages & Culture",中文,Chinese,歷史,history,40,Not required,4,40,,36,35.5,799,,34,33,,,
JS1104,CITYU,BA English (Streams: English and Professional Communication / Language and Literature),英文文學士,Faculty of Humanities and Social Sciences,FALSE,FALSE,FALSE,,人文語言與文化,"Humanities, Languages & Culture",英語,English,,,25,May require,4,25,,32,29.5,799,,32.5,30.5,,,
JS1106,CITYU,Media and Communication (Majors: BA Digital Television and Broadcasting / BA Media and Communication),媒體與傳播 (數碼電視與廣播文學士 / 媒體與傳播文學士),Faculty of Humanities and Social Sciences,FALSE,FALSE,FALSE,,新聞與傳播,Journalism & Communication,傳播,Communications,傳播,Communications,45,Not required,4,45,,20.5,20,799,,19.5,19,,,
JS1108,CITYU,BSocSc Public Affairs and Management (Streams: Public Affairs and Governance / Public Policy and Management),公共事務與管理社會科學學士,Faculty of Humanities and Social Sciences,FALSE,FALSE,FALSE,,社會科學與公共事務,Social Sciences & Public Affairs,公共事務,public affairs,,,63,May require,4,63,,23.5,23,799,,22,21,,,
JS1109,CITYU,BA Linguistics and Language Applications (Features: Linguistics / Language Applications / Language Technology),語言學與語言應用文學士,Faculty of Humanities and Social Sciences,FALSE,FALSE,FALSE,,人文語言與文化,"Humanities, Languages & Culture",語言學,linguistics,,,25,Not required,4,25,,30,29.5,799,,30.5,29.5,,,
JS1111,CITYU,BSocSc Crime Science (Features: Crime Prevention / Security Practice / Global Policing / Crime Analytics / Cyber and Future Crimes),犯罪科學社會科學學士,Faculty of Humanities and Social Sciences,FALSE,FALSE,FALSE,,社會科學與公共事務,Social Sciences & Public Affairs,犯罪學,Criminology,,,21,Not required,4,21,,23,23,799,,21.5,21.5,,,
JS1112,CITYU,BSocSc Psychology (Streams: Health and Development / Mind and Brain),心理學社會科學學士,Faculty of Humanities and Social Sciences,FALSE,FALSE,FALSE,,社會科學與公共事務,Social Sciences & Public Affairs,心理學,psychology,,,26,Not required,4,26,,24.5,24,799,,23.5,23,,,
JS1113,CITYU,BSocSc Social Work (Features: Social Engagement and Concern for People’s Health and Well-Being / Human Diversities and Sustainability / People-in-Environment Interventions),社會工作社會科學學士,Faculty of Humanities and Social Sciences,FALSE,FALSE,FALSE,,社會科學與公共事務,Social Sciences & Public Affairs,社會工作,social work,,,54,Selective,4,54,,23,23,799,,22.5,21.5,,,
JS1123,CITYU,BSocSc Crime Science and Bachelor of Laws (Double Degree),犯罪科學社會科學學士及法律學士 (雙學位),Faculty of Humanities and Social Sciences,TRUE,FALSE,FALSE,,社會科學與公共事務,Social Sciences & Public Affairs,法律,law,犯罪學,Criminology,10,May require,5,10,,24.5,23,799,,22,20.5,,,
JS1200,CITYU,Global Research Enrichment and Technopreneurship (GREAT) [Majors: BSc Chemistry / BSc Computing Mathematics / BSc Physics + Global Research Enrichment and Technopreneurship (GREAT)],全球研究增益與科技創業 (GREAT) (化學理學士 / 計算數學理學士 / 物理學理學士 + 全球研究增益與科技創業),Faculty of Science,FALSE,FALSE,FALSE,,工程與科技,Engineering & Technology,科學,science,創業,Entrepreneurship,15,May require,4,15,,37,36.5,799,,33,33,,,
JS1201,CITYU,Architecture and Civil Engineering (Majors: BEng Architectural Engineering / BEng Civil Engineering / BSc Architecture and Surveying),建築與土木工程 (建築工程學士 / 土木工程學士 / 建築與測量學理學士),College of Engineering,FALSE,FALSE,FALSE,,建築、測量與城市規劃,"Architecture, Surveying & Urban Planning",土木工程,civil Engineering,建築,architecture,87,Selective,4,87,,43.5,42.5,799,,42,40,,,
JS1202,CITYU,BSc Chemistry (Streams: Comprehensive Chemistry / Cosmetic Chemistry / Forensic Chemistry / Global Research Enrichment and Technopreneurship (GREAT)),化學理學士,Faculty of Science,FALSE,FALSE,FALSE,,科學與數理,Sciences & Quantitative Studies,化學,Chemistry,,,44,May require,4,44,,27.5,27,799,,26,25.5,,,
JS1204,CITYU,BSc Computer Science (Streams: Artificial Intelligence / Cybersecurity / Data Science / Multimedia Computing / Software Engineering and Project Management),理學士(計算機科學),College of Engineering,FALSE,TRUE,FALSE,,工程與科技,Engineering & Technology,計算機科學,Computer Science,,,89,May require,4,89,,23,22,799,,20.5,19.5,,,
JS1205,CITYU,Electrical Engineering (Majors: BEng Computer and Data Engineering / BEng Electronic and Electrical Engineering / BEng Information Engineering / BEng Microelectronics Engineering),電機工程學 [主修: 工學士(電子計算機及數據工程學) ／工學士(電子及電機工程學) ／ 工學士(資訊工程學) ／ 工學士(微電子工程學)],College of Engineering,FALSE,FALSE,FALSE,,工程與科技,Engineering & Technology,電子工程,Electronic Engineering,,,163,Selective,4,163,,39,37,799,,34.5,34,,,
JS1206,CITYU,BSc Computing Mathematics (Streams: Enriched Mathematics / Financial Mathematics / Global Research Enrichment and Technopreneurship (GREAT)),計算數學理學士,Faculty of Science,FALSE,FALSE,FALSE,,科學與數理,Sciences & Quantitative Studies,數學,Mathematics,金融,finance,36,Selective,4,36,,37,36,799,,34,32.5,,,
JS1207,CITYU,Mechanical Engineering (Majors: BEng Aerospace Engineering / BEng Mechanical Engineering / BEng Nuclear and Risk Engineering),機械工程 (航空航天工程學士 / 機械工程學士 / 核與風險工程學士),College of Engineering,FALSE,FALSE,FALSE,,工程與科技,Engineering & Technology,機械工程,Mechanical Engineering,航天工程,Aerospace Engineering,87,May require,4,87,,34.5,34,799,,31,30.5,,,
JS1208,CITYU,BSc Physics [Features: Classical Physics / Modern Physics / Experimental and Computational Physics / Medical Physics / Condensed Matter Physics / Global Research Enrichment and Technopreneurship (GREA,物理學理學士,Faculty of Science,FALSE,FALSE,FALSE,,科學與數理,Sciences & Quantitative Studies,物理,physics,,,20,May require,4,20,,28,27,799,,25.5,25,,,
JS1210,CITYU,BEng Materials Science and Engineering (Features: HKIE Accredited / Industrial and Research Internships / Overseas Double-degrees / Knowledge Transfer / World-leading Research),材料科學與工程學士,College of Engineering,FALSE,FALSE,FALSE,,工程與科技,Engineering & Technology,材料科學,Materials Science,工程,Engineering,24,Selective,4,24,,34,32.5,799,,29.5,29,,,
JS1211,CITYU,BEng Biomedical Engineering (Features: Medical Technology / Bioinstrumentation / Cell and Tissue Engineering / Healthcare Robotics),生物醫學工程學士,College of Engineering,FALSE,FALSE,FALSE,,工程與科技,Engineering & Technology,生物,biology,生物醫學工程,Biomedical Engineering,41,May require,4,41,,39,38,799,,36,35,,,
JS1216,CITYU,BEng Intelligent Manufacturing Engineering (Features: Industrial Internet-of-Things / Industrial Big Data / Robotics and Automation / Logistics and Supply Chain / Smart City Engineering),智能製造工程學士,College of Engineering,FALSE,FALSE,FALSE,,工程與科技,Engineering & Technology,製造工程,Manufacturing Engineering,工程,Engineering,24,May require,4,24,,20,18,799,,35,33.5,,,
JS1217,CITYU,"Pathway for Research, Innovation, and Multinational Engineering (PRIME) (any major in College of Engineering + Overseas Experience / Interdisciplinary / Entrepreneurial Training)",研究、創新與跨國工程途徑 (PRIME),College of Engineering,FALSE,FALSE,FALSE,,工程與科技,Engineering & Technology,工程,Engineering,,,15,May require,4,15,,38.5,38,799,,36,36,,,
JS1218,CITYU,BSc Cybersecurity (Features: System Security / Software Security / Cryptography / Privacy-Enhancing Technologies / Cyber Risk Management),理學士(網絡安全),College of Engineering,FALSE,FALSE,FALSE,,工程與科技,Engineering & Technology,網絡安全,Cybersecurity,,,29,May require,4,29,,20.5,20.5,799,,,,,,
JS1219,CITYU,BEng Innovation and Enterprise Engineering (Features: Engineering / Technology / Innovation / Enterprise / Entrepreneurship),創新與企業工程學士,College of Engineering,FALSE,FALSE,FALSE,,工程與科技,Engineering & Technology,工程,Engineering,創業,Entrepreneurship,16,May require,4,16,,19.5,18.5,799,,,,,,
JS1221,CITYU,BSc Computer Science and BSc Computational Finance and Financial Technology(Double Degree; Features:Corporate Accounting and Economics/Computational Finance/Advanced Statistics/Financial Technologies),計算機科學理學士及計算金融與金融科技理學士 (雙學位),Faculty of Science,TRUE,FALSE,FALSE,,商業與金融,Business & Finance,計算機科學,Computer Science,金融,finance,10,May require,5,10,,23,22,799,,,,,,
JS1300,CITYU,Integrative Bioscience & Bioengineering Programme (Bio3),綜合生物科學與生物工程課程 (特點: 自主選擇主修學科 / 海外頂尖院校研究機會 / 跨學科),College of Biomedicine,FALSE,FALSE,FALSE,,科學,Science,生物科學,bioscience,,,10,Not required,4,10,,,,799,,,,,,
JS1801,CITYU,Bachelor of Veterinary Medicine (Features: One Health paradigm / Animal Health & Welfare / Public Health / Dual Accreditation),獸醫學學士,Jockey Club College of Veterinary Medicine and Life Sciences,FALSE,FALSE,FALSE,,醫療,Healthcare,獸醫,veterinary,,,30,Selective,6,30,,33.5,32,799,,33.5,32,,,
JS1805,CITYU,Biomedical Sciences (Majors: BSc Biological Sciences / BSc Biomedical Sciences),生物醫學科學 (生物科學理學士 / 生物醫學科學理學士),Jockey Club College of Veterinary Medicine and Life Sciences,FALSE,FALSE,FALSE,,醫療,Healthcare,生物,biology,生物醫學,Biomedicine,20,Not required,4,20,,38.5,37.5,799,,35.5,34,,,
JS1806,CITYU,"BSc Biological Sciences (Features: Bioinformatics, Biochemistry, Genetics, Cellular & Molecular Biology, Immunology / Research Rotation Projects for Hands-on Experience)",生物科學理學士,Jockey Club College of Veterinary Medicine and Life Sciences,FALSE,FALSE,FALSE,,科學與數理,Sciences & Quantitative Studies,生物,biology,生物科學,Biological Sciences,27,Not required,4,27,,35.5,35,799,,33.5,33,,,
JS1807,CITYU,"BSc Biomedical Sciences (Features: Clinical Chemistry, Hematology, Microbiology and Pathology / Clinical or Industrial Attachment / Intensive Laboratory Experience)",生物醫學科學理學士,Jockey Club College of Veterinary Medicine and Life Sciences,FALSE,FALSE,FALSE,,醫療,Healthcare,生物,biology,生物醫學,Biomedicine,26,Not required,4,26,,45.5,43,799,,42,40,,,
JS2020,HKBU,Bachelor of Arts (Hons) (Chinese Language and Literature / Creative and Professional Writing / English Language and Literature / Humanities / Translation),文學士(榮譽)(中國語言及文學 / 創意及專業寫作 / 英語語言及文學 / 人文學 / 翻譯),Faculty of Arts,FALSE,FALSE,FALSE,,人文語言與文化,"Humanities, Languages & Culture",翻譯,Translation,英語,English,87,Not required,4,87,,,,799,,,,,,
JS2025,HKBU,"Bachelor of Arts (Hons) in Religion, Philosophy and Ethics",文學士(榮譽)(宗教、哲學及倫理學),Faculty of Arts,FALSE,FALSE,FALSE,,人文語言與文化,"Humanities, Languages & Culture",哲學,philosophy,宗教,Religious Studies,11,Not required,4,11,,,,799,,,,,,
JS2060,HKBU,Bachelor of Arts (Hons) / Bachelor of Music (Hons) (Music / Creative Industries),文學士(榮譽) / 音樂(榮譽)學士(音樂 / 創意產業),Faculty of Arts,FALSE,FALSE,FALSE,,創意藝術與設計,Creative Arts & Design,音樂,music,,,38,Selective,4,38,,,,799,,,,,,
JS2110,HKBU,Bachelor of Business Administration (Hons) - Accounting Concentration,工商管理學士(榮譽) - 會計學,Business School,FALSE,FALSE,FALSE,,商業與金融,Business & Finance,工商管理,Business Administration,會計,Accounting,49,Selective,4,49,,,,799,,,,,,
JS2120,HKBU,Bachelor of Business Administration (Hons),工商管理學士(榮譽),Business School,FALSE,TRUE,FALSE,,商業與金融,Business & Finance,工商管理,Business Administration,,,185,Selective,4,185,,,,799,,,,,,
JS2310,HKBU,Bachelor of Communication (Hons) (Journalism and Digital Media / Public Relations and Advertising),傳播學(榮譽)學士(新聞及數碼媒體 / 公共關係及廣告),School of Communication,FALSE,FALSE,FALSE,,新聞與傳播,Journalism & Communication,傳播,Communications,新聞,Journalism,70,Not required,4,70,,,,799,,,,,,
JS2330,HKBU,Bachelor of Arts (Hons) in Film and Television,文學士(榮譽)(電影及電視),School of Communication,FALSE,FALSE,FALSE,,創意藝術與設計,Creative Arts & Design,電影,Movie,藝術,Art,18,Selective,4,18,,,,799,,,,,,
JS2340,HKBU,Bachelor of Fine Arts (Hons) in Acting for Global Screen,藝術(榮譽)學士(全球銀幕表演),School of Communication,FALSE,TRUE,FALSE,,新聞與傳播,Journalism & Communication,藝術,Art,,,8,Selective,4,8,,,,799,,,,,,
JS2370,HKBU,Bachelor of Communication (Hons) in Game Design and Animation,傳播學(榮譽)學士(遊戲設計與動畫),School of Communication,FALSE,TRUE,FALSE,,新聞與傳播,Journalism & Communication,傳播,Communications,創意媒體,Creative Media,20,Selective,4,20,,,,799,,,,,,
JS2410,HKBU,Bachelor of Chinese Medicine and Bachelor of Science (Hons) in Biomedical Science,中醫學學士及生物醫學理學士(榮譽),School of Chinese Medicine,TRUE,TRUE,FALSE,,醫療,Healthcare,中醫,Chinese Medicine,生物醫學,Biomedicine,37,Selective,6,37,,,,799,,,,,,
JS2420,HKBU,Bachelor of Pharmacy (Hons) in Chinese Medicine,中藥學(榮譽)學士,School of Chinese Medicine,FALSE,TRUE,FALSE,,醫療,Healthcare,藥劑,Pharmacy,,,23,Selective,4,23,,,,799,,,,,,
JS2510,HKBU,Bachelor of Science (Hons),理學士(榮譽),Faculty of Science,FALSE,TRUE,FALSE,,科學與數理,Sciences & Quantitative Studies,科學,science,,,197,Not required,4,197,,,,799,,,,,,
JS2610,HKBU,Bachelor of Arts (Hons) / Bachelor of Social Sciences (Hons) (European Studies [French/German Stream] / Geography/ Global and China Studies/ Government and International Studies/ History/ Sociology),文學士(榮譽) / 社會科學學士(榮譽)(歐洲研究 [法語/德語] / 地理 / 全球及中國研究 / 政府及國際研究 / 歷史 / 社會學),Faculty of Social Sciences,FALSE,FALSE,FALSE,,社會科學與公共事務,Social Sciences & Public Affairs,公共事務,public affairs,,,122,Not required,4,122,,,,799,,,,,,
JS2620,HKBU,Bachelor of Arts (Hons) in Physical Education and Recreation Management,文學士(榮譽)(體育及康樂管理),Faculty of Social Sciences,FALSE,FALSE,FALSE,,體育,Sports,體育,physical education,,,35,Not required,4,35,,,,799,,,,,,
JS2660,HKBU,Bachelor of Social Work (Hons),社會工作(榮譽)學士,Faculty of Social Sciences,FALSE,TRUE,FALSE,,社會科學與公共事務,Social Sciences & Public Affairs,社會工作,social work,,,30,Selective,4,30,,,,799,,,,,,
JS2810,HKBU,Bachelor of Arts (Hons) in Visual Arts,文學士(榮譽)(視覺藝術),Academy of Visual Arts,FALSE,FALSE,FALSE,,創意藝術與設計,Creative Arts & Design,視覺藝術,Visual Arts,,,35,Selective,4,35,,,,799,,,,,,
JS2910,HKBU,Bachelor of Science (Hons) in Business Computing and Data Analytics,理學士(榮譽)(商業計算及數據分析),Inter-college courses,FALSE,FALSE,FALSE,,商業與金融,Business & Finance,數據分析,Data Analysis,,,15,Not required,4,15,,,,799,,,,,,
JS2920,HKBU,Bachelor of Arts and Science (Hons) in Arts and Technology,文理學士(榮譽)(藝術與科技),Inter-college courses,FALSE,FALSE,FALSE,,創意藝術與設計,Creative Arts & Design,藝術,Art,科技,Technology,40,Selective,4,40,,,,799,,,,,,
JS2930,HKBU,Bachelor of Arts (Hons) in Business Administration (Global Entertainment),文學士(榮譽)(全球娛樂商業),Inter-college courses,FALSE,TRUE,FALSE,,商業與金融,Business & Finance,工商管理,Business Administration,創意媒體,Creative Media,25,Selective,4,25,,,,799,,,,,,
JS2940,HKBU,Bachelor of Social Sciences (Hons) / Bachelor of Science (Hons) in Innovation in Health and Social Well-Being,社會科學學士(榮譽) / 理學士(榮譽)(健康與社會福祉創新),Inter-college courses,FALSE,TRUE,FALSE,,科學與數理,Sciences & Quantitative Studies,健康科學,Health Science,,,35,Not required,4,35,,,,799,,,,,,
JS2950,HKBU,"Bachelor of Arts, Science and Technology (Hons) in Individualised Major",文理科技學士(榮譽)(個性化主修),Inter-college courses,FALSE,FALSE,FALSE,,科學與數理,Sciences & Quantitative Studies,科技,Technology,科學,science,15,Selective,4,15,,,,799,,,,,,
JS2960,HKBU,Bachelor of Arts and Science (Hons) in Digital Futures and Humanities,文理學士(榮譽)(數碼未來與人文學),Inter-college courses,FALSE,TRUE,FALSE,,人文語言與文化,"Humanities, Languages & Culture",人文,Humanities,,,40,Selective,4,40,,,,799,,,,,,
JS3000,POLYU,Bachelor’s Degree Scheme in Interdisciplinary Studies,跨學科組合學士課程,/,FALSE,FALSE,FALSE,,科學與數理,Sciences & Quantitative Studies,科學,science,,,30,May require,4,30,,,,799,,,,,,
JS3003,POLYU,Bachelor’s Degree Scheme in Business Administration,工商管理組合學士課程,Faculty of Business,FALSE,TRUE,FALSE,,商業與金融,Business & Finance,工商管理,Business Administration,,,168,May require,4,168,,179,177,799,,,,,,
JS3004,POLYU,Bachelor’s Degree Scheme in Construction and Environment,建設及環境組合學士課程,Faculty of Construction and Environment,FALSE,TRUE,FALSE,,建築、測量與城市規劃,"Architecture, Surveying & Urban Planning",建設,Construction,,,327,Not required,4,327,,184,181,799,,,,,,
JS3005,POLYU,Bachelor’s Degree Scheme in Engineering,工程學科組合學士課程,Faculty of Engineering,FALSE,FALSE,FALSE,,工程與科技,Engineering & Technology,工程,Engineering,,,371,Not required,4,371,,215,205,799,,,,,,
JS3006,POLYU,Bachelor’s Degree Scheme in Computer and Mathematical Sciences,計算機及數學科學組合學士課程,Faculty of Computer and Mathematical Sciences,FALSE,FALSE,FALSE,,工程與科技,Engineering & Technology,計算機科學,Computer Science,數學,Mathematics,139,May require,4,139,,215,210,799,,,,,,
JS3007,POLYU,Bachelor’s Degree Scheme in Humanities,人文學科組合學士課程,Faculty of Humanities,FALSE,FALSE,FALSE,,人文語言與文化,"Humanities, Languages & Culture",藝術,Arts,人文,Humanities,106,May require,4,106,,185,179,799,,,,,,
JS3008,POLYU,Bachelor’s Degree Scheme in Science,理學組合學士課程,Faculty of Science,FALSE,FALSE,FALSE,,科學與數理,Sciences & Quantitative Studies,科學,science,,,152,May require,4,152,,208,205,799,,,,,,
JS3011,POLYU,BSc (Hons) Scheme in Biotechnology and Chemical Technology,生物科技及化學科技(榮譽)理學士組合課程,Faculty of Science,FALSE,FALSE,FALSE,,科學與數理,Sciences & Quantitative Studies,生物,biology,化學,Chemical,152,May require,4,152,,209,203.5,799,,196,190,,,
JS3030,POLYU,Bachelor of Science (Honours) in Physics Minor major in Artificial Intelligence and Data Analytics / Innovation and Entrepreneurship,物理學(榮譽)理學士副主修人工智能及數據分析 / 創新及創業,Faculty of Science,FALSE,FALSE,FALSE,,工程與科技,Engineering & Technology,物理,physics,人工智能,AI,152,May require,4,152,,215,205,799,,208,190,,,
JS3050,POLYU,Bachelor of Arts (Honours) in Fashion (Fashion Design / Knitwear Design / Contour Fashion and Activewear / Fashion Business / Fashion Innovation and Technology),時裝(榮譽)文學士組合課程 (時裝設計 / 針織時裝設計 / 內衣及運動服裝 / 時裝商務 / 時裝創新及科技),School of Fashion and Textiles,FALSE,TRUE,FALSE,,創意藝術與設計,Creative Arts & Design,時裝,fashion,設計,design,101,Selective,4,101,,177,164,799,,160.5,146,,,
JS3060,POLYU,BBA (Hons) Scheme in Accounting and Finance (Accountancy / Accounting and Finance / Digital Finance and Investment),會計及金融(榮譽)工商管理學士組合課程 (會計學 / 會計及金融 / 數碼金融及投資學),School of Business Administration,FALSE,TRUE,FALSE,,商業與金融,Business & Finance,會計,Accounting,金融,finance,168,May require,4,168,,185.5,185,799,,178,172,,,
JS3070,POLYU,"Bachelor of Business Administration (Honours) Scheme in Global Business and Logistics, Aviation, Maritime, and Supply Chain Management",環球商業及物流、航空、航運及供應鏈管理(榮譽)工商管理學士組合課程,School of Business Administration,FALSE,FALSE,FALSE,,商業與金融,Business & Finance,工商管理,Business Administration,供應鏈,supply chain,168,Selective,4,168,,179,175,799,,168,164.5,,,
JS3080,POLYU,Bachelor of Business Administration (Honours) Scheme in Management and Marketing (Management / Marketing),管理及市場學(榮譽)工商管理學士組合課程 (管理學 / 市場學),School of Business Administration,FALSE,FALSE,FALSE,,商業與金融,Business & Finance,工商管理,Business Administration,市場營銷,Marketing,168,Selective,4,168,,182.5,179,799,,174.5,169,,,
JS3130,POLYU,Bachelor of Science (Honours) Scheme in Spatial Data Science and Smart Cities (Land Surveying and Geo-Informatics),空間數據科學及智慧城市(榮譽)理學士組合課程 (土地測量及地理資訊學 / 城市信息學及智慧城市),School of Architecture and Environment,FALSE,FALSE,FALSE,,工程與科技,Engineering & Technology,測量,Surveying,,,327,Selective,4,327,,206,203,799,,199.5,191,,,
JS3140,POLYU,BEng (Hons) Scheme in Aviation Engineering (Aviation Engineering / Air Transport Engineering),航空工程學(榮譽)工學士組合課程 (航空工程學 / 民航工程學),College of Engineering,FALSE,FALSE,FALSE,,工程與科技,Engineering & Technology,航天工程,Aviation Engineering,工程,Engineering,371,Not required,4,371,,210,205,799,,195,184,,,
JS3150,POLYU,BSc (Hons) Scheme in Biomedical Engineering,生物醫學工程(榮譽)理學士組合課程,College of Engineering,FALSE,FALSE,FALSE,,工程與科技,Engineering & Technology,生物醫學工程,Biomedical Engineering,科學,science,371,Not required,4,371,,218,213.5,799,,208,178,,,
JS3160,POLYU,Bachelor of Science (Honours) in Sports Science and Technology,體育科技(榮譽)理學士,,FALSE,FALSE,FALSE,,科學與數理,Sciences & Quantitative Studies,體育,physical education,,,371,Not required,4,371,,,,799,,,,,,
JS3170,POLYU,Bachelor of Engineering (Honours) Scheme in Electrical Engineering (Electrical Engineering / Transport Systems Engineering),電機工程學(榮譽)工學士組合課程 (電機工程學 / 運輸系統工程學),College of Engineering,FALSE,FALSE,FALSE,,工程與科技,Engineering & Technology,電機工程,Electrical Engineering,運輸系統工程,Transportation Systems Engineering,371,Not required,4,371,,215,210,799,,195,191,,,
JS3180,POLYU,Bachelor of Engineering (Honours) / Bachelor of Science Scheme in Information and Artificial Intelligence Engineering (Internet of Things / Artificial Intelligence / Information Security),資訊及人工智能工程學(榮譽)工學士/理學士組合課程 (物聯網 / 人工智能 / 資訊安全),Bachelor of Science (Honours) Scheme in Intelligent Supply Chain and Engineering Management (Intelligent Supply Chain / Engineering Management with Data Analytics),FALSE,FALSE,FALSE,,工程與科技,Engineering & Technology,人工智能,AI,資訊工程,Information Engineering,371,Not required,4,371,,218,210,799,,201,195,,,
JS3211,POLYU,Bachelor of Engineering (Honours) in Building Sciences and Engineering,建築科學及工程學(榮譽)工學士,Faculty of Construction and Environment,FALSE,FALSE,FALSE,,工程與科技,Engineering & Technology,建築,architecture,工程,Engineering,327,May require,4,327,,181.5,179.5,799,,,,,,
JS3214,POLYU,Bachelor of Science (Honours) in Architectural Studies,建築學(榮譽)理學士,Faculty of Construction and Environment,FALSE,FALSE,FALSE,,建築、測量與城市規劃,"Architecture, Surveying & Urban Planning",建築,architecture,,,327,Selective,4,327,,165.8,163.1,799,,,,,,
JS3220,POLYU,Bachelor of Science (Honours) Scheme in Applied Mathematics and Finance Analytics (Applied Mathematics / Investment Science and Finance Analytics / Quantitative Finance and FinTech),應用數學及金融分析(榮譽)理學士組合課程 (應用數學 / 投資科學及金融分析 / 量化金融及金融科技),Faculty of Science,FALSE,FALSE,FALSE,,商業與金融,Business & Finance,金融科技,Fintech,數學,Mathematics,139,May require,4,139,,193.5,189.5,799,,,,,,
JS3223,POLYU,Bachelor of Science (Honours) Scheme in Data Science and Artificial Intelligence (Data Science and Analytics / Financial Technology and Artificial Intelligence),數據科學及人工智能(榮譽)理學士組合課程 (數據科學及分析 / 金融科技及人工智能),Faculty of Computer and Mathematical Sciences,FALSE,TRUE,FALSE,,工程與科技,Engineering & Technology,數據科學,Data Science,人工智能,AI,139,May require,4,139,,220,211,799,,,,,,
JS3236,POLYU,Bachelor of Engineering (Honours) Scheme in Product Innovation and Smart Manufacturing (Product Innovation with Marketing / Smart Manufacturing),產品創新及智能製造(榮譽)工學士組合課程 (產品創新兼市場學 / 智能製造),College of Engineering,FALSE,FALSE,FALSE,,工程與科技,Engineering & Technology,智能製造,Smart manufacturing,工程,Engineering,371,Not required,4,371,,195,193,799,,,,,,
JS3237,POLYU,Bachelor of Science (Honours) Scheme in Intelligent Supply Chain and Engineering Management (Intelligent Supply Chain / Engineering Management with Data Analytics),智能供應鏈及工程管理(榮譽)理學士組合課程 (智能供應鏈 / 工程管理兼數據分析),College of Engineering,FALSE,TRUE,FALSE,,商業與金融,Business & Finance,工程,Engineering,供應鏈,supply chain,371,Not required,4,371,,195,193,799,,,,,,
JS3240,POLYU,Bachelor of Arts (Honours) Scheme in English and Applied Linguistics,英文及應用語言學(榮譽)文學士,Faculty of Health and Social Sciences,FALSE,FALSE,FALSE,,人文語言與文化,"Humanities, Languages & Culture",語言學,linguistics,英語,English,106,Not required,4,106,,178,175,799,,169.5,163,,,
JS3242,POLYU,Bachelor of Science (Honours) in Speech Therapy,言語治療(榮譽)理學士,Faculty of Humanities,FALSE,TRUE,FALSE,,醫療,Healthcare,言語治療,Speech therapy,,,106,Selective,4,106,,264.3,259.8,799,,,,,,
JS3243,POLYU,Bachelor of Engineering (Honours) in Building Services Engineering (part of JS3007/JS3320/JS3240/JS3243/JS3242 combined intake),樓宇設備工程學(榮譽)工學士 (JS3007/JS3320/JS3240/JS3243/JS3242 合併招生),,FALSE,TRUE,FALSE,,工程與科技,Engineering & Technology,樓宇設備,Building equipment,工程,Engineering,106,May require,4,106,,,,799,,,,,,
JS3250,POLYU,BA (Hons) Scheme in Applied Social Sciences (Social Work / Social Policy and Social Entrepreneurship),應用社會科學(榮譽)文學士組合課程 (社會工作 / 社會政策及社會創業),Faculty of Health and Social Sciences,FALSE,FALSE,FALSE,,社會科學與公共事務,Social Sciences & Public Affairs,社會科學,Social Sciences,藝術,Arts,64,May require,4,64,,171.5,164.5,799,,164.5,161,,,
JS3255,POLYU,Bachelor of Science (Honours) Scheme in Food Science and Nutrition (Food Safety and Technology / Human Nutrition and Health),食品科學及營養學(榮譽)理學士組合課程 (食品科技與食物安全 / 人類營養學及健康),Faculty of Science,FALSE,TRUE,FALSE,,科學與數理,Sciences & Quantitative Studies,食品科學,Food Science,營養學,Nutrition,152,May require,4,152,,203,198.5,799,,,,,,
JS3290,POLYU,Bachelor of Science (Honours) Scheme in Optometry,眼科視光學(榮譽)理學士,Faculty of Health and Social Sciences,FALSE,TRUE,FALSE,,醫療,Healthcare,視光,Optometry,,,60,Not required,5,60,,260.5,247.8,799,,275,275,,,
JS3310,POLYU,Bachelor of Science (Honours) Scheme in Hotel and Tourism Management (Hotel Management / Smart Tourism and Hospitality Industry / Event and Experience Management),酒店及旅遊管理(榮譽)理學士組合課程 (酒店管理 / 智慧旅遊及酒店產業 / 會展及體驗管理),School of Hotel and Tourism Management,FALSE,TRUE,FALSE,,商業與金融,Business & Finance,酒店管理,Hotel Management,,,74,Selective,4,74,,166.5,163,799,,156,155.5,,,
JS3320,POLYU,Bachelor of Arts (Honours) Scheme in Chinese History and Culture,中國歷史及文化(榮譽)文學士,Faculty of Humanities,FALSE,FALSE,FALSE,,人文語言與文化,"Humanities, Languages & Culture",中國歷史,Chinese history,,,106,Not required,4,106,,223,210,799,,193,186,,,
JS3337,POLYU,Bachelor of Science (Honours) Nursing Scheme - Bachelor of Science (Honours) in Mental Health Nursing,精神健康護理學(榮譽)理學士,Faculty of Health and Social Sciences,FALSE,TRUE,FALSE,,醫療,Healthcare,護理,Nursing,,,70,May require,5,70,,209,206,799,,203.5,203,,,
JS3375,POLYU,Bachelor of Engineering (Honours) in Environmental Engineering and Sustainable Development,環境工程及可持續發展學(榮譽)工學士,Faculty of Construction and Environment,FALSE,FALSE,FALSE,,工程與科技,Engineering & Technology,環境工程,Environmental Engineering,,,327,May require,4,327,,220,218,799,,,,,,
JS3478,POLYU,Bachelor of Science (Honours) Scheme in Medical Laboratory Science and Radiology - Bachelor of Science (Honours) in Medical Laboratory Science,醫療化驗科學(榮譽)理學士,Faculty of Health and Social Sciences,FALSE,FALSE,FALSE,,科學與數理,Sciences & Quantitative Studies,化驗,Medical Laboratory Science,,,60,May require,4,60,,309,306.5,799,,299,290,,,
JS3569,POLYU,Bachelor of Arts (Honours) Scheme in Design (Advertising Design/Environmental Design/Information Design/Interactive Design/Interior Design/Media Design/Product Design/Service Design/Social Design),設計學(榮譽)文學士組合課程 (廣告設計/環境設計/信息設計/交互設計/室内設計/媒體設計/產品設計/服務創新設計/社會創新設計),School of Design,FALSE,FALSE,FALSE,,創意藝術與設計,Creative Arts & Design,設計,design,,,83,Selective,4,83,,178,190,799,,176,202.5,,,
JS3612,POLYU,BSc (Hons) in Radiography,放射學(榮譽)理學士,Faculty of Health and Social Sciences,FALSE,TRUE,FALSE,,醫療,Healthcare,放射,Radiography,,,115,Selective,4,115,,339,328.5,799,,320,318.5,,,
JS3624,POLYU,Bachelor of Science (Honours) Scheme in Rehabilitation Sciences - Bachelor of Science (Honours) in Occupational Therapy,職業治療學(榮譽)理學士,Faculty of Health and Social Sciences,FALSE,TRUE,FALSE,,科學與數理,Sciences & Quantitative Studies,職業治療,Occupational therapy,,,100,May require,4,100,,278,279.5,799,,293,273.5,,,
JS3636,POLYU,Bachelor of Science (Honours) in Rehabilitation Sciences - Bachelor of Science (Honours) in Physiotherapy,物理治療學(榮譽)理學士,Faculty of Health and Social Sciences,FALSE,TRUE,FALSE,,科學與數理,Sciences & Quantitative Studies,物理治療,Physical therapy,,,150,Selective,4,150,,320,320,799,,293,284,,,
JS3648,POLYU,Bachelor of Science (Honours) in Nursing Scheme - Bachelor of Science (Honours) in Nursing,護理學(榮譽)理學士,Faculty of Health and Social Sciences,FALSE,TRUE,FALSE,,醫療,Healthcare,護理,Nursing,,,193,Selective,5,193,,218,213.5,799,,213.5,208,,,
JS3739,POLYU,Bachelor of Engineering (Honours) in Civil Engineering,土木工程學(榮譽)工學士,Faculty of Construction and Environment,FALSE,TRUE,FALSE,,工程與科技,Engineering & Technology,土木工程,civil Engineering,,,327,May require,4,327,,216.5,205,799,,,,,,
JS3741,POLYU,Bachelor of Engineering (Honours) Scheme in Mechanical Engineering (Intelligent Robotics Engineering / Mechanical Engineering),機械工程學(榮譽)工學士組合課程 (智能機械人工程學 / 機械工程學),College of Engineering,FALSE,FALSE,FALSE,,工程與科技,Engineering & Technology,機械工程,Mechanical Engineering,,,371,Not required,4,371,,208,205,799,,191,186,,,
JS3789,POLYU,Bachelor of Science (Honours) in Surveying,地產及建設測量學(榮譽)理學士,Faculty of Construction and Environment,FALSE,FALSE,FALSE,,建築、測量與城市規劃,"Architecture, Surveying & Urban Planning",測量,Surveying,,,327,Selective,4,327,,175.8,165.3,799,,,,,,
JS3791,POLYU,Bachelor of Science (Honours) in Building Engineering and Management,建築工程及管理學(榮譽)理學士,Faculty of Construction and Environment,FALSE,FALSE,FALSE,,工程與科技,Engineering & Technology,建築,architecture,,,327,Selective,4,327,,188.1,185.1,799,,,,,,
JS3868,POLYU,Bachelor of Science (Honours) Scheme in Computing and Artificial Intelligence (Computer Science / Financial Technology and Artificial Intelligence / Enterprise Information Management),電子計算及人工智能(榮譽)理學士組合課程 (計算機科學 / 企業信息管理),College of Engineering,FALSE,TRUE,FALSE,,工程與科技,Engineering & Technology,計算機科學,Computer Science,人工智能,AI,139,Selective,4,139,,230,215,799,,193,191,,,
JS4006,CUHK,Anthropology,人類學,Faculty of Arts,FALSE,FALSE,FALSE,,社會科學與公共事務,Social Sciences & Public Affairs,人類學,anthropology,,,18,Not required,4,18,24.5,24,23,799,26,23.5,22,,,
JS4018,CUHK,Chinese Language and Literature,中國語言及文學,Faculty of Arts,FALSE,FALSE,FALSE,,人文語言與文化,"Humanities, Languages & Culture",中文,Chinese,中國文學,,79,For special cases only,4,79,31.9,30.4,29.2,799,21.5,21,20.5,,,
JS4032,CUHK,English,英語,Faculty of Arts,FALSE,FALSE,FALSE,,人文語言與文化,"Humanities, Languages & Culture",英語,English,,,55,Selective,4,55,28.5,27.2,26.5,799,24.5,23,23,,,
JS4044,CUHK,Fine Arts,藝術,Faculty of Arts,FALSE,FALSE,FALSE,,創意藝術與設計,Creative Arts & Design,藝術,Art,,,20,Selective,4,20,27.5,26,24.5,799,24.5,24,23.375,,,
JS4056,CUHK,History,歷史,Faculty of Arts,FALSE,FALSE,FALSE,,人文語言與文化,"Humanities, Languages & Culture",歷史,history,,,48,Not required,4,48,28,26.5,26,799,29,26,25,,,
JS4068,CUHK,Japanese studies,日本研究,Faculty of Arts,FALSE,TRUE,FALSE,,其他,Others,日本研究,Japanese studies,日語,Japanese,22,Selective,4,22,26,24.5,23,799,27.5,25,23,,,
JS4070,CUHK,Linguistics,語言學,Faculty of Arts,FALSE,FALSE,FALSE,,人文語言與文化,"Humanities, Languages & Culture",語言學,linguistics,,,22,Not required,4,22,24.5,24.5,24.5,799,28,27,26,,,
JS4082,CUHK,Music,音樂,Faculty of Arts,FALSE,FALSE,FALSE,,創意藝術與設計,Creative Arts & Design,音樂,music,,,26,Selective,4,26,27.5,24.5,22.5,799,26.5,25,24,,,
JS4094,CUHK,Philosophy,哲學,Faculty of Arts,FALSE,FALSE,FALSE,,人文語言與文化,"Humanities, Languages & Culture",哲學,philosophy,,,19,Selective,4,19,25,24.5,23,799,24,23.5,22,,,
JS4100,CUHK,Public Humanities,公共人文學,Faculty of Arts,FALSE,FALSE,FALSE,,人文語言與文化,"Humanities, Languages & Culture",人文,Humanities,,,37,Selective,4,37,24.5,23.5,23,799,,,,,,
JS4109,CUHK,Religious Studies,宗教研究,Faculty of Arts,FALSE,FALSE,FALSE,,人文語言與文化,"Humanities, Languages & Culture",宗教,Religious Studies,,,17,Selective,4,17,22,21.5,21,799,23.5,23,22,,,
JS4111,CUHK,Bachelor of Theology,神學學士,,FALSE,FALSE,FALSE,,人文語言與文化,"Humanities, Languages & Culture",神學,theology,,,17,Selective,4,17,,,,799,,,,,,
JS4123,CUHK,Translation,翻譯,Faculty of Arts,FALSE,FALSE,FALSE,,人文語言與文化,"Humanities, Languages & Culture",翻譯,Translation,,,32,For special cases only,4,32,26,23,23,799,24.5,23,23,,,
JS4136,CUHK,Chinese Studies,中國研究,Faculty of Arts,FALSE,FALSE,FALSE,,人文語言與文化,"Humanities, Languages & Culture",中國研究,Chinese Studies,,,11,Not required,4,11,24.8,24.2,24.2,799,30.7,29.2,28.2,,,
JS4202,CUHK,Integrated Bachelor of Business Administration Programme,工商管理綜合學士課程,Faculty of Business Administration,FALSE,TRUE,FALSE,,商業與金融,Business & Finance,工商管理,Business Administration,,,212,Selective,4,212,27.5,26,26,799,,,,,,
JS4214,CUHK,Global Business Studies,全球商業研究,Faculty of Business Administration,FALSE,TRUE,TRUE,,商業與金融,Business & Finance,環球商業,Global Business,,,15,Selective,4,15,41,38,36.5,799,,,,,,
JS4226,CUHK,Hospitality and Real Estate,酒店及房地產,Faculty of Business Administration,FALSE,FALSE,FALSE,,商業與金融,Business & Finance,酒店管理,Hotel Management,,,58,Selective,4,58,24.5,23.5,23,799,,,,,,
JS4238,CUHK,"Insurance, Finance and Actuarial Science",保險、金融與精算學,Faculty of Business Administration,FALSE,FALSE,FALSE,,商業與金融,Business & Finance,精算,Actuarial Science,金融,finance,43,Selective,4,43,42.5,41.8,40.2,799,,,,,,
JS4240,CUHK,Professional Accountancy,專業會計學,Faculty of Business Administration,FALSE,FALSE,FALSE,,商業與金融,Business & Finance,會計,Accounting,,,122,Selective,4,122,27.5,26,26,799,,,,,,
JS4252,CUHK,Quantitative Finance,量化金融,Faculty of Business Administration,FALSE,TRUE,FALSE,,商業與金融,Business & Finance,金融,finance,,,37,Selective,4,37,54.8,52.5,51.8,799,,,,,,
JS4254,CUHK,Interdisciplinary Major in Global Economics and Finance,全球經濟與金融跨學科主修,Faculty of Business Administration/Faculty of Social Science,FALSE,FALSE,FALSE,,商業與金融,Business & Finance,金融,finance,經濟,Economics,23,Selective,4,23,35,35,33.5,799,32.25,30.75,30,,,
JS4264,CUHK,Bachelor of Business Administration (Integrated Bachelor of Business Administration) and Juris Doctor Double Degree Program,工商管理學士及法律博士雙學位課程,Faculty of Business Administration/Faculty of Law,TRUE,TRUE,TRUE,,商業與金融,Business & Finance,工商管理,Business Administration,法律,law,25,Selective,5,25,37.5,37.5,36,799,,,,,,
JS4276,CUHK,Quantitative Finance and Risk Management Science,量化金融與風險管理科學,Faculty of Business Administration/Faculty of Science,FALSE,TRUE,FALSE,,商業與金融,Business & Finance,量化金融,Quantitative Finance,風險管理,Risk Management,20,Selective,4,20,60.8,57.8,54.8,799,,,,,,
JS4320,CUHK,Human Movement Science and Health Studies,人體運動科學與健康研究,Faculty of Education,FALSE,FALSE,FALSE,,體育,Sports,體育,physical education,運動科學,Sports Science,20,Selective,4,20,27.5,26,24.5,799,,,,,,
JS4329,CUHK,"Physical Education, Exercise Science and Health",體育、運動科學與健康,Faculty of Education,FALSE,TRUE,FALSE,,體育,Sports,體育,physical education,運動科學,Sports Science,16,Selective,5,16,29,27.5,26,799,24.5,23,21.5,,,
JS4331,CUHK,Bachelor of Arts (Chinese Language Studies) and Bachelor of Education (Chinese Language Education),文學士(中國語言研究)及教育學士(中國語言教育),Faculty of Education,TRUE,FALSE,FALSE,,教育,Education,教育,Education,中文,Chinese,12,Selective,5,12,45,42,40.5,799,53,50.75,50.75,,,
JS4343,CUHK,Bachelor of Arts (English Language Studies) and Bachelor of Education (English Language Education),文學士(英語語言研究)及教育學士(英語語言教育),Faculty of Education,TRUE,FALSE,FALSE,,教育,Education,教育,Education,英語,English,12,Selective,5,12,40.5,39,37.5,799,34.75,29.5,27.5,,,
JS4361,CUHK,Bachelor of Education (Mathematics and Mathematics Education),教育學士(數學及數學教育),Faculty of Education,FALSE,FALSE,FALSE,,教育,Education,教育,Education,數學,Mathematics,12,Selective,5,12,57.5,53.75,53,799,42,40.5,40.5,,,
JS4372,CUHK,Bachelor of Education (Early Childhood Education),教育學士(幼兒教育),Faculty of Education,FALSE,TRUE,FALSE,,教育,Education,教育,Education,幼兒教育,Early childhood education,19,Selective,5,19,23,22,21.5,799,37.5,34.5,33,,,
JS4386,CUHK,Bachelor of Science (Learning Design and Technology),理學士(學習設計與科技),"Faculty of Education,Faculty of Engineering,Faculty of Science",FALSE,FALSE,FALSE,,創意藝術與設計,Creative Arts & Design,設計,design,科技,Technology,19,Selective,4,19,31.75,30.5,30.25,799,,,,,,
JS4408,CUHK,Mechanical and Automation Engineering,機械與自動化工程,Faculty of Engineering,FALSE,FALSE,FALSE,,工程與科技,Engineering & Technology,機械工程,Mechanical Engineering,,,51,Selective,4,51,33.75,31.5,30.5,799,,,,,,
JS4412,CUHK,Computer Science and Engineering,計算機科學與工程,Faculty of Engineering,FALSE,TRUE,FALSE,,工程與科技,Engineering & Technology,計算機科學,Computer Science,計算機工程,Computer Engineering,113,Selective,4,113,44.5,42.9,40.4,799,,,,,,
JS4416,CUHK,Computational Data Science,計算數據科學,"Faculty of Engineering,Faculty of Science",FALSE,FALSE,FALSE,,工程與科技,Engineering & Technology,數據科學,Data Science,,,19,Selective,4,19,59,54.5,53,799,,,,,,
JS4428,CUHK,Financial Technology,金融科技,Faculty of Engineering,FALSE,FALSE,FALSE,,商業與金融,Business & Finance,金融,finance,金融科技,Fintech,30,Not required,4,30,48.75,47.375,45.625,799,,,,,,
JS4434,CUHK,Electronic Engineering,電子工程,Faculty of Engineering,FALSE,FALSE,FALSE,,工程與科技,Engineering & Technology,電子工程,Electronic Engineering,,,48,Selective,4,48,32.75,31.25,30.5,799,,,,,,
JS4446,CUHK,Information Engineering,資訊工程,,FALSE,FALSE,FALSE,,工程與科技,Engineering & Technology,資訊工程,Information Engineering,,,67,Selective,4,67,40.375,39.25,38.125,799,,,,,,
JS4458,CUHK,Systems Engineering and Engineering Management,系統工程與工程管理,Faculty of Engineering,FALSE,FALSE,FALSE,,工程與科技,Engineering & Technology,系統工程,Systems Engineering,,,50,Not required,4,50,34,32.5,32.5,799,,,,,,
JS4460,CUHK,Biomedical Engineering,生物醫學工程,Faculty of Engineering,FALSE,FALSE,FALSE,,工程與科技,Engineering & Technology,生物,biology,生物醫學工程,Biomedical Engineering,42,Selective,4,42,44.5,42.25,41.25,799,,,,,,
JS4462,CUHK,Energy and Environmental Engineering,能源與環境工程,Faculty of Engineering,FALSE,FALSE,FALSE,,工程與科技,Engineering & Technology,能源,energy,環境工程,Environmental Engineering,26,Selective,4,26,32.5,31.75,31,799,,,,,,
JS4468,CUHK,Artificial Intelligence: Systems and Technologies,人工智能：系統與技術,Faculty of Engineering,FALSE,TRUE,FALSE,,工程與科技,Engineering & Technology,人工智能,AI,,,30,Selective,4,30,55.75,52.375,50.375,799,,,,,,
JS4470,CUHK,Materials Science and Engineering,材料科學與工程,"Faculty of Engineering,Faculty of Science",FALSE,FALSE,FALSE,,工程與科技,Engineering & Technology,工程,Engineering,材料科學,Materials Science,20,Selective,4,20,26.875,26.375,24.625,799,,,,,,
JS4501,CUHK,Medicine (MBChB) Programme,醫學(MBChB)課程,Faculty of Medicine,FALSE,TRUE,TRUE,,醫療,Healthcare,醫學,medicine,,,300,Selective,6,300,38,37,36,799,38,37,36,,,
JS4502,CUHK,Medicine (MBChB) Programme Global Physician-Leadership Stream (GPS),醫學(MBChB)全球醫學領袖課程(GPS),Faculty of Medicine,FALSE,TRUE,TRUE,,醫療,Healthcare,醫學,medicine,,,30,Selective,6,30,41.5,40.5,40,799,41.5,40.5,40,,,
JS4513,CUHK,Nursing,護理學,Faculty of Medicine,FALSE,TRUE,FALSE,,醫療,Healthcare,護理,Nursing,,,217,Selective,5,217,30.1,28.6,28.3,799,30.1,28.6,27.1,,,
JS4525,CUHK,Pharmacy,藥劑學,Faculty of Medicine,FALSE,FALSE,FALSE,,醫療,Healthcare,藥劑,Pharmacy,,,58,Selective,4,58,33.5,32,30.5,799,32,29,29,,,
JS4537,CUHK,Public Health,公共衛生,Faculty of Medicine,FALSE,FALSE,FALSE,,醫療,Healthcare,公共衛生,public health,,,30,Not required,4,30,36.5,32.75,32.5,799,30.25,25.5,24.25,,,
JS4542,CUHK,Chinese Medicine,中醫學,Faculty of Medicine,FALSE,TRUE,FALSE,,醫療,Healthcare,中醫,Chinese Medicine,,,23,Selective,6,23,30.5,30.5,29,799,32,30.5,30.5,,,
JS4550,CUHK,Biomedical Science,生物醫學,Faculty of Medicine,FALSE,FALSE,FALSE,,科學與數理,Sciences & Quantitative Studies,生物,biology,生物醫學,Biomedicine,18,Selective,4,18,42.5,41,39.5,799,26,24,23,,,
JS4601,CUHK,Science,理學,Faculty of Science,FALSE,TRUE,FALSE,,科學與數理,Sciences & Quantitative Studies,科學,science,,,335,Selective,4,335,40.5,37.75,36,799,,,,,,
JS4648,CUHK,Earth and Environmental Sciences,地球與環境科學,Faculty of Science,FALSE,FALSE,FALSE,,科學與數理,Sciences & Quantitative Studies,地理,geography,地球科學,Earth Science,33,Selective,4,33,52,47,45,799,,,,,,
JS4682,CUHK,Enrichment Mathematics,數學精研,Faculty of Science,FALSE,FALSE,FALSE,,科學與數理,Sciences & Quantitative Studies,數學,Mathematics,,,30,Selective,4,30,57.75,52.5,51.75,799,,,,,,
JS4690,CUHK,Enrichment Stream in Theoretical Physics,理論物理進階課程,Faculty of Science,FALSE,FALSE,FALSE,,科學與數理,Sciences & Quantitative Studies,物理,physics,,,19,Selective,4,19,52.8,46.8,43,799,,,,,,
JS4719,CUHK,Risk Management Science,風險管理科學,Faculty of Science,FALSE,FALSE,FALSE,,商業與金融,Business & Finance,風險管理,Risk Management,,,25,Selective,4,25,44.5,43,41.5,799,,,,,,
JS4725,CUHK,"Biotechnology, Entrepreneurship and Healthcare Management",生物技術、創業與醫療管理,"Faculty of Business Administration,Faculty of Medicine,Faculty of Science",FALSE,FALSE,FALSE,,科學與數理,Sciences & Quantitative Studies,生物,biology,生物科技,Biotechnology,15,Selective,4,15,29,27.5,27.5,799,,,,,,
JS4733,CUHK,Mathematics and Information Engineering,數學與資訊工程,Faculty of Science/Faculty of Engineering,FALSE,FALSE,FALSE,,科學與數理,Sciences & Quantitative Studies,數學,Mathematics,資訊工程,Information Engineering,12,Selective,4,12,55,50.5,47.5,799,,,,,,
JS4750,CUHK,Aerospace Science and Geoinformatics + X Double Major Course,航天科學與地球信息學及Ｘ雙主修課程,"Faculty of Social Science,Faculty of Engineering,Faculty of Science",FALSE,FALSE,FALSE,,工程與科技,Engineering & Technology,機械工程,Mechanical Engineering,航天工程,Aerospace Engineering,27,Selective,4,27,48,44.25,38.25,799,46.5,38.75,36.5,,,
JS4760,CUHK,Double Major in Interdisciplinary Data Analytics and Bachelor of Science,跨學科數據分析與理學士雙主修,"Faculty of Business Administration,Faculty of Engineering,Faculty of Science",FALSE,FALSE,FALSE,,科學與數理,Sciences & Quantitative Studies,數據科學,Data Science,,,28,Selective,4,28,37,35,34.8,799,,,,,,
JS4801,CUHK,Social Sciences,社會科學,Faculty of Social Sciences,FALSE,FALSE,FALSE,,社會科學與公共事務,Social Sciences & Public Affairs,社會科學,Social Sciences,,,47,Selective,4,47,28.7,27.65,26.6,799,28.7,27.65,26.6,,,
JS4812,CUHK,Architectural Studies,建築學,Faculty of Social Sciences,FALSE,FALSE,FALSE,,建築、測量與城市規劃,"Architecture, Surveying & Urban Planning",建築,architecture,,,30,Selective,4,30,28,28,26.5,799,31,28,27.25,,,
JS4824,CUHK,Economics,經濟學,Faculty of Social Sciences,FALSE,FALSE,FALSE,,商業與金融,Business & Finance,經濟,Economics,,,62,Selective,4,62,33.75,31.5,30.75,799,32.25,30,29,,,
JS4836,CUHK,Geography and Resource Management,地理與資源管理,Faculty of Social Sciences,FALSE,FALSE,FALSE,,科學與數理,Sciences & Quantitative Studies,地理,geography,,,41,Selective,4,41,35.25,33,31.5,799,23,23,23,,,
JS4838,CUHK,Urban Studies,城市研究,Faculty of Social Sciences,FALSE,FALSE,FALSE,,建築、測量與城市規劃,"Architecture, Surveying & Urban Planning",城市規劃,Urban Planning,,,20,Selective,4,20,26,26,24.5,799,33.5,33.5,32,,,
JS4848,CUHK,Government and Public Administration,政府與公共行政,Faculty of Social Sciences,FALSE,FALSE,FALSE,,社會科學與公共事務,Social Sciences & Public Affairs,政治,politics,,,35,Not required,4,35,28.625,27.5,27.25,799,26.5,25.5,25,,,
JS4850,CUHK,Journalism and Communication,新聞與傳播,Faculty of Social Sciences,FALSE,FALSE,FALSE,,新聞與傳播,Journalism & Communication,新聞,Journalism,傳播,Communications,42,Not required,4,42,31.7,28.95,27.8,799,30.25,25.5,24.25,,,
JS4858,CUHK,Global Communication,全球傳播,School of Journalism and Communication,FALSE,FALSE,FALSE,,新聞與傳播,Journalism & Communication,傳播,Communications,,,8,Selective,4,8,31.55,29.15,27.2,799,,,,,,
JS4862,CUHK,Psychology,心理學,Faculty of Social Sciences,FALSE,TRUE,FALSE,,社會科學與公共事務,Social Sciences & Public Affairs,心理學,psychology,,,55,Not required,4,55,36.75,33.75,32.25,799,29,27.5,26,,,
JS4874,CUHK,Social Work,社會工作,Faculty of Social Sciences,FALSE,FALSE,FALSE,,社會科學與公共事務,Social Sciences & Public Affairs,社會工作,social work,,,47,Selective,4,47,29,27.5,27.5,799,31.85,29.75,28.45,,,
JS4886,CUHK,Sociology,社會學,Faculty of Social Sciences,FALSE,FALSE,FALSE,,社會科學與公共事務,Social Sciences & Public Affairs,社會學,sociology,,,37,Selective,4,37,28,26.5,26.5,799,33.75,32.25,30.75,,,
JS4892,CUHK,Global Studies,全球研究,Faculty of Social Sciences,FALSE,FALSE,FALSE,,社會科學與公共事務,Social Sciences & Public Affairs,全球研究,Global Research,,,18,Not required,4,18,26.5,26.5,25.75,799,26,24.5,24,,,
JS4893,CUHK,Data Science and Policy Research,數據科學與政策研究,Faculty of Social Sciences,FALSE,FALSE,FALSE,,社會科學與公共事務,Social Sciences & Public Affairs,數據科學,Data Science,政治,politics,18,Not required,4,18,24.5,23.5,23,799,31.85,29.75,28.45,,,
JS4898,CUHK,Bachelor of Engineering (Honours) in Automation Engineering and Robotics (part of JS3005/JS3140/JS3150/JS3160/JS3170/JS3180/JS3236/JS3237/JS3741 combined intake),自動化工程及機器人學(榮譽)工學士 (JS3005/JS3140/JS3150/JS3160/JS3170/JS3180/JS3236/JS3237/JS3741 合併招生),,FALSE,TRUE,FALSE,,工程與科技,Engineering & Technology,製造工程,Manufacturing Engineering,,,15,Selective,4,15,,,,799,,,,,,
JS4903,CUHK,Bachelor of Laws,法律學士,Faculty of Law,FALSE,TRUE,TRUE,,法律,Law,法律,law,,,68,Selective,4,68,36,36,34.5,799,34.5,33,33,,,
JS5101,HKUST,International Research Enrichment,國際科研,School of Science,FALSE,FALSE,FALSE,,社會科學與公共事務,Social Sciences & Public Affairs,國際關係,International Relations,,,20,Selective,4,20,,38.25,37.88,799,,,,,,
JS5102,HKUST,Science (Group A),科學A組,School of Science,FALSE,TRUE,FALSE,,科學與數理,Sciences & Quantitative Studies,科學,science,,,402,Not required,4,402,,33.13,32.63,799,,,,,,
JS5103,HKUST,Science (Group B),科學B組,School of Science,FALSE,TRUE,FALSE,,科學與數理,Sciences & Quantitative Studies,科學,science,,,402,Not required,4,402,,33.38,32.75,799,,,,,,
JS5118,HKUST,BSc in Biomedical and Health Sciences,理學士（生物醫學及健康科學）,School of Science,FALSE,FALSE,FALSE,,醫療,Healthcare,生物醫學,Biomedicine,生物,biology,25,Selective,4,25,,43.13,40.5,799,,,,,,
JS5181,HKUST,Science (Group A) with an Extended Major in Artificial Intelligence,理學Ａ組– 延伸主修人工智能,Faculty of Science,FALSE,FALSE,FALSE,,工程與科技,Engineering & Technology,人工智能,AI,,,40,Selective,4,40,,37.5,36,799,,,,,,
JS5212,HKUST,BEng in Computer Engineering,工學士（計算機工程學）,School of Engineering,FALSE,TRUE,FALSE,,工程與科技,Engineering & Technology,計算機工程,Computer Engineering,工程,Engineering,91,Selective,4,91,,43.49,41.97,799,,,,,,
JS5220,HKUST,Department of Chemical and Biological Engineering,化學及生物工程學系,School of Engineering,FALSE,FALSE,FALSE,,工程與科技,Engineering & Technology,生物,biology,化學,Chemical,46,Selective,4,46,,41.49,39.59,799,,,,,,
JS5230,HKUST,Department of Civil and Environmental Engineering,土木及環境工程學系,School of Engineering,FALSE,FALSE,FALSE,,工程與科技,Engineering & Technology,土木工程,civil Engineering,,,118,Selective,4,118,,39.7,38.2,799,,,,,,
JS5240,HKUST,Department of Computer Science and Engineering,計算機科學及工程學系,School of Engineering,FALSE,FALSE,FALSE,,工程與科技,Engineering & Technology,計算機科學,Computer Science,計算機工程,Computer Engineering,117,Selective,4,117,,48.45,46.45,799,,,,,,
JS5250,HKUST,Department of Electronic and Computer Engineering,電子及計算機工程學系,School of Engineering,FALSE,TRUE,FALSE,,工程與科技,Engineering & Technology,計算機工程,Computer Engineering,電子工程,Electronic Engineering,70,Selective,4,70,,41.74,40.78,799,,,,,,
JS5260,HKUST,Department of Industrial Engineering and Decision Analytics,工業工程及決策分析學系,School of Engineering,FALSE,FALSE,FALSE,,工程與科技,Engineering & Technology,工程,Engineering,,,36,Selective,4,36,,36.28,35.1,799,,,,,,
JS5270,HKUST,Department of Mechanical and Aerospace Engineering,機械及航空航天工程學系,School of Engineering,FALSE,TRUE,FALSE,,工程與科技,Engineering & Technology,機械工程,Mechanical Engineering,航天工程,Aerospace Engineering,77,Selective,4,77,,41.14,39.72,799,,,,,,
JS5282,HKUST,Engineering with an Extended Major in Artificial Intelligence,工程學– 延伸主修人工智能,School of Engineering,FALSE,TRUE,FALSE,,工程與科技,Engineering & Technology,工程,Engineering,人工智能,AI,114,Selective,4,114,,48.7,46.48,799,,,,,,
JS5300,HKUST,Business and Management,工商管理,Business School,FALSE,TRUE,FALSE,,商業與金融,Business & Finance,工商管理,Business Administration,,,298,Not required,4,298,,35,33.9,799,,,,,,
JS5311,HKUST,Bachelor of Business Administration in Economics,工商管理學士(經濟學),Business School,FALSE,TRUE,FALSE,,商業與金融,Business & Finance,工商管理,Business Administration,經濟,Economics,150,Not required,4,150,,36.55,35.4,799,,,,,,
JS5312,HKUST,Bachelor of Business Administration in Finance,工商管理學士（金融學）,Business School,FALSE,TRUE,FALSE,,商業與金融,Business & Finance,工商管理,Business Administration,金融,finance,45,Not required,4,45,,43.31,41.81,799,,,,,,
JS5313,HKUST,Bachelor of Business Administration in Global Business Management,工商管理學士（環球商業管理）,Business School,FALSE,TRUE,TRUE,,商業與金融,Business & Finance,工商管理,Business Administration,環球商業,Global Business,35,Selective,4,35,,52.43,50.4,799,,,,,,
JS5314,HKUST,Bachelor of Business Administration in Information Systems,工商管理學士（資訊系統學）,Business School,FALSE,FALSE,FALSE,,商業與金融,Business & Finance,工商管理,Business Administration,資訊系統,Information System,150,Not required,4,150,,35.93,35.4,799,,,,,,
JS5315,HKUST,Bachelor of Business Administration in Management,工商管理學士（管理學）,Business School,FALSE,FALSE,FALSE,,商業與金融,Business & Finance,工商管理,Business Administration,,,150,Not required,4,150,,33.9,33.9,799,,,,,,
JS5316,HKUST,Bachelor of Business Administration in Marketing,工商管理學士（市場學）,Business School,FALSE,FALSE,FALSE,,商業與金融,Business & Finance,工商管理,Business Administration,市場營銷,Marketing,150,Not required,4,150,,32.55,32.4,799,,,,,,
JS5317,HKUST,Bachelor of Business Administration in Operations Management,工商管理學士（營運管理學）,Business School,FALSE,FALSE,FALSE,,商業與金融,Business & Finance,工商管理,Business Administration,,,150,Not required,4,150,,32.4,32.05,799,,,,,,
JS5318,HKUST,Bachelor of Business Administration in Professional Accounting,工商管理學士（專業會計學）,Business School,FALSE,TRUE,FALSE,,商業與金融,Business & Finance,工商管理,Business Administration,會計,Accounting,60,Not required,4,60,,34.05,33.55,799,,,,,,
JS5331,HKUST,Bachelor of Science in Economics and Finance,理學士（經濟及金融學）,Business School,FALSE,TRUE,FALSE,,商業與金融,Business & Finance,金融,finance,經濟,Economics,35,Selective,4,35,,48.19,46.5,799,,,,,,
JS5332,HKUST,Bachelor of Science in Quantitative Finance,理學士（量化金融學）,Business School,FALSE,TRUE,TRUE,,商業與金融,Business & Finance,金融,finance,量化金融,Quantitative Finance,25,Selective,4,25,,58.13,56.06,799,,,,,,
JS5411,HKUST,Bachelor of Science in Global China Studies,理學士（環球中國研究）,School of Humanities and Social Sciences,FALSE,FALSE,FALSE,,人文語言與文化,"Humanities, Languages & Culture",中國研究,Chinese Studies,,,50,Selective,4,50,,29.23,28.8,799,,,,,,
JS5412,HKUST,Bachelor of Science in Quantitative Social Analysis,理學士（定量社會數據分析）,School of Humanities and Social Sciences,FALSE,TRUE,FALSE,,社會科學與公共事務,Social Sciences & Public Affairs,數據科學,Data Science,社會科學,Social Sciences,26,Selective,4,26,,33,32.5,799,,,,,,
JS5711,HKUST,Bachelor of Science in Integrated Systems and Design,理學士（綜合系統與設計）,College of Engineering,FALSE,FALSE,FALSE,,創意藝術與設計,Creative Arts & Design,設計,design,科技,Technology,25,Selective,4,25,,36.36,34.72,799,,,,,,
JS5811,HKUST,Bachelor of Science in Biotechnology and Business,理學士（生物科技及商學）,Interdisciplinary Courses,FALSE,FALSE,FALSE,,商業與金融,Business & Finance,生物科技,Biotechnology,,,25,Selective,4,25,,38.63,36.56,799,,,,,,
JS5812,HKUST,Bachelor of Science in Environmental Management and Technology,理學士（環境管理及科技）,Interdisciplinary Courses,FALSE,FALSE,FALSE,,科學與數理,Sciences & Quantitative Studies,環境科學,Environmental Science,科學,science,30,Selective,4,30,,32.5,31.05,799,,,,,,
JS5813,HKUST,Bachelor of Science in Mathematics and Economics,理學士（數學與經濟學）,Interdisciplinary Courses,FALSE,FALSE,FALSE,,科學與數理,Sciences & Quantitative Studies,經濟,Economics,數學,Mathematics,21,Selective,4,21,,44.1,39.2,799,,,,,,
JS5814,HKUST,Bachelor of Science in Risk Management and Business Intelligence,理學士（風險管理及商業智能學）,Interdisciplinary Courses,FALSE,FALSE,FALSE,,商業與金融,Business & Finance,風險管理,Risk Management,,,22,Selective,4,22,,44.25,43.5,799,,,,,,
JS5822,HKUST,Bachelor of Science in Sustainable Development and Green Finance,理學士（可持續發展及綠色金融）,Interdisciplinary Courses,FALSE,FALSE,FALSE,,科學,Science,可持續發展,Sustainable development,金融,finance,18,Selective,4,18,,37.88,37.13,799,,,,,,
JS5901,HKUST,BEng/BSc & BBA Dual Degree Program in Technology & Management,科技及管理學雙學位課程,Interdisciplinary Courses,TRUE,TRUE,TRUE,,工程與科技,Engineering & Technology,科技,Technology,工商管理,Business Administration,35,Yes,5,35,,62.48,60.23,799,,,,,,
JS6004,HKU,Bachelor of Arts in Architectural Studies,建築學文學士,Faculty of Architecture,FALSE,FALSE,FALSE,,建築、測量與城市規劃,"Architecture, Surveying & Urban Planning",建築,architecture,,,54,Selective,4,54,32,29,28,799,31,29,28,,,
JS6016,HKU,Bachelor of Science in Surveying,理學士(測量學),Faculty of Architecture,FALSE,FALSE,FALSE,,建築、測量與城市規劃,"Architecture, Surveying & Urban Planning",測量,Surveying,,,43,Selective,4,43,31,29,28,799,31,29,29,,,
JS6028,HKU,Bachelor of Arts in Landscape Studies,園境學文學士,Faculty of Architecture,FALSE,FALSE,FALSE,,建築、測量與城市規劃,"Architecture, Surveying & Urban Planning",園境建築,Landscape Studies,,,12,Selective,4,12,38,35,31,799,33,32,30,,,
JS6042,HKU,Bachelor of Arts in Urban Studies,文學士(城市研究),Faculty of Architecture,FALSE,TRUE,FALSE,,建築、測量與城市規劃,"Architecture, Surveying & Urban Planning",城市規劃,Urban Planning,,,17,Selective,4,17,32,29,27,799,31,28,26,,,
JS6054,HKU,Bachelor of Arts,文學士,Faculty of Arts,FALSE,TRUE,FALSE,,人文語言與文化,"Humanities, Languages & Culture",藝術,Arts,,,217,Selective,4,217,37,35,34,799,33,31,29,,,
JS6066,HKU,Bachelor of Arts and Bachelor of Education in Language Education - English,文學士及教育學士(語文教育) - 英文教育,College of Education,TRUE,TRUE,FALSE,,教育,Education,教育,Education,英語,English,17,Selective,5,17,34,32,32,799,39,36,32,,,
JS6078,HKU,Bachelor of Arts and Bachelor of Laws,文學士及法學士,Faculty of Law,TRUE,TRUE,FALSE,,法律,Law,法律,law,藝術,Arts,20,Selective,5,20,41,38,36,799,41,38,38,,,
JS6080,HKU,Bachelor of Arts and Bachelor of Education in Language Education - Chinese,文學士及教育學士(語文教育) - 中文教育,College of Education,TRUE,FALSE,FALSE,,教育,Education,教育,Education,中文,Chinese,17,Selective,5,17,36,35,34,799,36,35,34,,,
JS6092,HKU,Bachelor of Education in Early Childhood Education and Special Education,教育學士(幼兒教育及特殊教育),College of Education,FALSE,TRUE,FALSE,,教育,Education,教育,Education,幼兒教育,Early childhood education,16,Selective,5,16,27,27,26,799,28,27,26,,,
JS6107,HKU,Bachelor of Dental Surgery,牙醫學士,School of Dentistry,FALSE,TRUE,TRUE,,醫療,Healthcare,牙醫,Dentistry,,,90,Selective,6,90,50,48,47,799,49,46,45,,,
JS6119,HKU,Bachelor of Education and Bachelor of Science,教育學士及理學士,College of Education,TRUE,TRUE,FALSE,,教育,Education,教育,Education,科學,science,16,Not required,5,16,46,44,43,799,44,42,40,,,
JS6157,HKU,Bachelor of Science in Speech-Language Pathology,理學士(言語及語言病理學),College of Education,FALSE,FALSE,FALSE,,醫療,Healthcare,言語治療,Speech therapy,,,48,Selective,5,48,35,34,34,799,34,32,32,,,
JS6200,HKU,Computing and Data Science (Delta+) ,計算與數據科學(港滬科技菁英),School of Computing and Data Science,FALSE,TRUE,FALSE,,工程與科技,Engineering & Technology,數據科學,Data Science,計算機科學,Computer Science,91,Selective,4,91,,,,799,,,,,,
JS6224,HKU,Bachelor of Arts and Science in Applied Artificial Intelligence,文理學士(應用人工智能),Bachelor of Arts and Science,FALSE,TRUE,TRUE,,工程與科技,Engineering & Technology,人工智能,AI,,,37,Selective,4,37,57,53,51,799,57,55,52,,,
JS6236,HKU,Bachelor of Arts and Sciences in Design+,文理學士(設計+),Faculty of Architecture,FALSE,FALSE,FALSE,,創意藝術與設計,Creative Arts & Design,設計,design,,,20,Selective,4,20,,,,799,,,,,,
JS6248,HKU,Bachelor of Arts and Science in Financial Technology,文理學士(金融科技),Bachelor of Arts and Science,FALSE,FALSE,FALSE,,商業與金融,Business & Finance,金融科技,Fintech,金融,finance,24,Selective,4,24,35,34,32,799,32,31,29,,,
JS6250,HKU,Bachelor of Arts and Sciences in Global Health and Development,文理學士(環球衞生及發展),Bachelor of Arts and Science,FALSE,FALSE,FALSE,,醫療,Healthcare,公共衛生,public health,,,18,Selective,4,18,31,29,28,799,34,28,26,,,
JS6274,HKU,Bachelor of Arts in Global Creative Industries,文學士(全球創意產業),Faculty of Arts,FALSE,FALSE,FALSE,,新聞與傳播,Journalism & Communication,創意媒體,Creative Media,,,20,Selective,4,20,33,33,32,799,,,,,,
JS6286,HKU,Bachelor of Arts in Humanities and Digital Technologies,文學士(人文及數碼科技),The Faculty of Arts,FALSE,FALSE,FALSE,,人文語言與文化,"Humanities, Languages & Culture",人文,Humanities,科技,Technology,30,May require,4,30,41,37,35,,,,,,,
JS6298,HKU,Bachelor of Arts and Bachelor of Engineering in Artificial Intelligence and Data Science,文學士及工學學士(人工智能及數據科學),Faculty of Arts,TRUE,TRUE,FALSE,,工程與科技,Engineering & Technology,數據科學,Data Science,人工智能,AI,20,Selective,5,20,44,42,42,799,,,,,,
JS6303,HKU,Bachelor of Engineering Elite Programme,工學學士精英課程,/,FALSE,FALSE,FALSE,,工程與科技,Engineering & Technology,工程,Engineering,,,327,Selective,4,327,38,36,35,799,,,,,,
JS6315,HKU,Bachelor of Engineering in Data and Systems Engineering,工學學士(數據與系統工程),/,FALSE,FALSE,FALSE,,工程與科技,Engineering & Technology,數據工程,Data Engineering,系統工程,Systems Engineering,327,Selective,4,327,28,26,25,799,,,,,,
JS6339,HKU,Bachelor of Engineering in Mechanical Engineering,工學學士(機械工程),/,FALSE,FALSE,FALSE,,工程與科技,Engineering & Technology,機械工程,Mechanical Engineering,,,327,Selective,4,327,28,27,26,799,,,,,,
JS6353,HKU,Bachelor of Engineering in Civil Engineering,工學學士(土木工程),/,FALSE,FALSE,FALSE,,工程與科技,Engineering & Technology,土木工程,civil Engineering,,,327,Selective,4,327,29,28,27,799,,,,,,
JS6377,HKU,Bachelor of Engineering and Master of Science in Engineering in Artificial Intelligence in Engineering,工學學士與人工智能理學碩士聯合課程,/,FALSE,FALSE,FALSE,,工程與科技,Engineering & Technology,人工智能,AI,工程,Engineering,327,Selective,5,327,34,33,31,799,,,,,,
JS6391,HKU,Global Engineering and Business Programme,環球工程與商業課程,The Faculty of Engineering and the HKU Business School,TRUE,FALSE,FALSE,,商業與金融,Business & Finance,工程,Engineering,工商管理,Business Administration,,,,,,,,,,,,,,
JS6406,HKU,Bachelor of Laws,法學士,Faculty of Law,FALSE,TRUE,FALSE,,法律,Law,法律,law,,,92,Selective,4,92,36,35,35,799,36,35,33,,,
JS6418,HKU,Bachelor of Nursing Advanced Leadership Track,護理學學士菁英領袖培育專修組別,Medical School,FALSE,TRUE,FALSE,,醫療,Healthcare,護理,Nursing,,,210,Selective,5,210,37,37,36,799,36,35,34,,,
JS6456,HKU,Bachelor of Medicine and Bachelor of Surgery,內外全科醫學士,Medical School,FALSE,TRUE,TRUE,,醫療,Healthcare,醫學,medicine,,,300,Selective,6,300,47,44,42,799,45,44,42,,,
JS6468,HKU,Bachelor of Nursing,護理學學士,Medical School,FALSE,TRUE,FALSE,,醫療,Healthcare,護理,Nursing,,,210,Selective,5,210,28,27,26,799,27,26,25,,,
JS6482,HKU,Bachelor of Chinese Medicine,中醫全科學士,Medical School,FALSE,TRUE,FALSE,,醫療,Healthcare,中醫,Chinese Medicine,,,25,Selective,6,25,34,33,31,799,33,32,31,,,
JS6494,HKU,Bachelor of Pharmacy,藥劑學學士,Medical School,FALSE,TRUE,FALSE,,醫療,Healthcare,藥劑,Pharmacy,,,35,Selective,4,35,41,39,38,799,39,39,37,,,
JS6602,HKU,Bachelor of Science in Innovation and Technology,理學士(創新與科技),School of Innovation,FALSE,FALSE,FALSE,,工程與科技,Engineering & Technology,科技,Technology,,,25,Selective,4,25,58,55,52,799,,,,,,
JS6626,HKU,Bachelor of Medicine and Bachelor of Surgery (Distinguished MedScholar) ,內外全科醫學士 - 傑出醫科學人,Li Ka Shing Faculty of Medicine,FALSE,TRUE,TRUE,,醫療,Healthcare,醫學,medicine,,,300,Selective,6,300,,,,799,,,,,,
JS6688,HKU,Science Master Class (Double Degree),科研專才啟導課程(雙學位課程),Faculty of Science,TRUE,FALSE,FALSE,,科學與數理,Sciences & Quantitative Studies,科學,science,,,26,Selective,5,26,36,34,32,799,38,35,33,,,
JS6705,HKU,Bachelor of Psychology,心理學學士,Faculty of Social Sciences,FALSE,TRUE,FALSE,,社會科學與公共事務,Social Sciences & Public Affairs,心理學,psychology,,,70,Not required,4,70,31,31,29,799,32,29,28,,,
JS6717,HKU,Bachelor of Social Sciences,社會科學學士,Faculty of Social Sciences,FALSE,FALSE,FALSE,,社會科學與公共事務,Social Sciences & Public Affairs,社會科學,Social Sciences,,,72,Not required,4,72,34,31,29,799,27,26,25,,,
JS6729,HKU,Bachelor of Science in Actuarial Science,理學士(精算學),Faculty of Science,FALSE,FALSE,FALSE,,商業與金融,Business & Finance,精算,Actuarial Science,,,50,Not required,4,50,36,35,35,799,34,33,31,,,
JS6731,HKU,Bachelor of Social Work,社會工作學學士,Faculty of Social Sciences,FALSE,FALSE,FALSE,,社會科學與公共事務,Social Sciences & Public Affairs,社會工作,social work,,,35,Selective,4,35,28,28,26,799,29,27,26,,,
JS6755,HKU,Bachelor of Business Administration,工商管理學學士,Faculty of Economics and Business Administration,FALSE,TRUE,FALSE,,商業與金融,Business & Finance,工商管理,Business Administration,,,226,Selective,4,226,37,37,36,799,34,33,32,,,
JS6767,HKU,Bachelor of Economics / Bachelor of Economics and Finance,經濟學學士 / 經濟金融學學士,Faculty of Economics and Business Administration,FALSE,TRUE,FALSE,,商業與金融,Business & Finance,金融,finance,經濟,Economics,226,Selective,4,226,40,40,39,799,38,36,35,,,
JS6779,HKU,Statistical Decision Sciences,統計決策科學,School of Computing and Data Science,FALSE,FALSE,FALSE,,商業與金融,Business & Finance,統計,statistics,,,30,Not required,4,30,33,33,31,799,,,,,,
JS6781,HKU,Bachelor of Business Administration in Accounting and Finance / Bachelor of Business Administration in Accounting Data Analytics,工商管理學學士(會計及財務) / 工商管理學學士(會計數據分析),Faculty of Economics and Business Administration,FALSE,FALSE,FALSE,,商業與金融,Business & Finance,工商管理,Business Administration,會計,Accounting,226,Selective,4,226,36,35,34,799,35,34,33,,,
JS6793,HKU,Bachelor of Business Administration (Business Analytics),工商管理學學士(商業分析),Faculty of Economics and Business Administration,FALSE,TRUE,FALSE,,商業與金融,Business & Finance,工商管理,Business Administration,,,15,Selective,4,15,36,35,34,799,34,32,31,,,
JS6808,HKU,Bachelor of Business Administration (Law) and Bachelor of Laws,工商管理學學士(法學)及法學士,Faculty of Economics and Business Administration,TRUE,TRUE,FALSE,,商業與金融,Business & Finance,法律,law,工商管理,Business Administration,80,Selective,5,80,49,46,45,799,48,46,45,,,
JS6810,HKU,Bachelor of Social Sciences (Government and Law) and Bachelor of Laws (Double Degree),社會科學學士(政治學與法學)及法學士(雙學位課程),Faculty of Social Sciences,TRUE,TRUE,FALSE,,法律,Law,法律,law,社會科學,Social Sciences,40,Selective,5,40,39,37,36,799,39,38,36,,,
JS6822,HKU,Bachelor of Journalism,新聞學學士,Faculty of Social Sciences,FALSE,FALSE,FALSE,,新聞與傳播,Journalism & Communication,新聞,Journalism,,,19,Selective,4,19,35,32,31,799,29,26,26,,,
JS6846,HKU,Bachelor of Science in Marketing Analytics and Technology,理學士(營銷分析及科技),Faculty of Economics and Business Administration,FALSE,FALSE,FALSE,,商業與金融,Business & Finance,科學,science,市場營銷,Marketing,25,Selective,4,25,34,33,32,799,33,32,31,,,
JS6858,HKU,Bachelor of Science and Bachelor of Laws (Double Degree),理學士及法學士(雙學位課程),Faculty of Science,TRUE,TRUE,TRUE,,科學與數理,Sciences & Quantitative Studies,法律,law,科學,science,20,Selective,5,20,56,54,50,799,57,54,53,,,
JS6860,HKU,Bachelor of Finance in Asset Management and Private Banking,金融學學士(資產管理及私人銀行),,FALSE,FALSE,FALSE,,商業與金融,Business & Finance,金融,finance,工商管理,Business Administration,30,May require,4,30,48,47,46,,,,,,,
JS6884,HKU,Bachelor of Science in Quantitative Finance,理學士(計量金融),Faculty of Economics and Business Administration,FALSE,TRUE,TRUE,,商業與金融,Business & Finance,量化金融,Quantitative Finance,金融,finance,25,Selective,4,25,55,51,50,799,51,49,48,,,
JS6896,HKU,Bachelor of Business Administration in International Business and Global Management,工商管理學學士(國際商業及環球管理),Faculty of Economics and Business Administration,FALSE,TRUE,TRUE,,商業與金融,Business & Finance,工商管理,Business Administration,環球商業,Global Business,25,Selective,4,25,56,54,53,799,52,51,49,,,
JS6901,HKU,Bachelor of Science,理學士,Faculty of Science,FALSE,TRUE,FALSE,,科學與數理,Sciences & Quantitative Studies,科學,science,,,253,Not required,4,253,39,37,36,799,37,34,33,,,
JS6925,HKU,Bachelor of Engineering in Biomedical Engineering,工學學士(生物醫學工程),College of Engineering,FALSE,FALSE,FALSE,,工程與科技,Engineering & Technology,生物醫學工程,Biomedical Engineering,生物,biology,75,Selective,4,75,31,29,29,799,32,29,28,,,
JS6937,HKU,Global Engineering and Business Programme,環球工程與商業課程,The Faculty of Engineering and the HKU Business School,TRUE,FALSE,FALSE,,商業與金融,Business & Finance,工程,Engineering,工商管理,Business Administration,327,May require,5,327,34,32,30,,,,,,,
JS6949,HKU,Bachelor of Biomedical Sciences,生物醫學學士,Medical School,FALSE,FALSE,FALSE,,醫療,Healthcare,生物,biology,生物醫學,Biomedicine,53,Selective,4,53,41,40,39,799,41,39,39,,,
JS6987,HKU,Bachelor of Engineering in Computer Engineering/ Electrical Engineering/ Electronic Engineering,工學學士(計算機工程/電機工程/電子工程),,FALSE,FALSE,FALSE,,工程與科技,Engineering & Technology,計算機工程,Computer Engineering,電機工程,Electrical Engineering,327,Selective,4,327,31,29,28,799,,,,,,
JS6999,HKU,Computing and Data Science,計算與數據科學,School of Computing and Data Science,FALSE,TRUE,FALSE,,工程與科技,Engineering & Technology,數據科學,Data Science,計算機科學,Computer Science,91,Selective,4,91,44,41,39,799,,,,,,
JS7101,LINGU,Bachelor of Arts (Honours) Chinese,文學士(榮譽)(中文),Faculty of Arts,FALSE,FALSE,FALSE,,人文語言與文化,"Humanities, Languages & Culture",中文,Chinese,,,42,May require,4,42,,25.845,25.27,799,,25,24.5,,,
JS7123,LINGU,Bachelor of Liberal Arts (Honours) in Global Development and Sustainability,文學士(榮譽)(全球發展與可持續性),,FALSE,FALSE,FALSE,,科學與數理,Sciences & Quantitative Studies,全球研究,Global Research,可持續發展,Sustainable development,20,Selective,4,20,,26.96,26.07,799,,25,23.75,,,
JS7133,LINGU,Bachelor of Arts (Honours) Animation and Digital Arts,文學士(榮譽)(動畫與數碼藝術),Faculty of Arts,FALSE,FALSE,FALSE,,新聞與傳播,Journalism & Communication,創意媒體,Creative Media,動畫,Animation,18,Selective,4,18,,24,23.5,799,,23,22.25,,,
JS7204,LINGU,Bachelor of Arts (Honours) in Translation,文學士(榮譽)(翻譯),Faculty of Arts,FALSE,FALSE,FALSE,,人文語言與文化,"Humanities, Languages & Culture",翻譯,Translation,,,31,May require,4,31,,25.125,24.5,799,,24.5,24,,,
JS7211,LINGU,Bachelor of Business Administration (Hons)- Accounting and Corporate Governance,工商管理學士(榮譽)(會計與企業管治),,FALSE,TRUE,FALSE,,商業與金融,Business & Finance,工商管理,Business Administration,會計,Accounting,41,May require,4,41,,27.05,27,799,,,,,,
JS7212,LINGU,Bachelor of Business Admininstration (Hons)- Business Analytics and Innovation,工商管理學士(榮譽)(商業分析與創新),,FALSE,FALSE,FALSE,,商業與金融,Business & Finance,工商管理,Business Administration,商業分析,Business Analysis,7,May require,4,7,,27,25.05,799,,,,,,
JS7213,LINGU,Bachelor of Business Administration (Honours) - Finance,工商管理學士(榮譽)(金融),Cross-college,FALSE,TRUE,FALSE,,商業與金融,Business & Finance,工商管理,Business Administration,金融,finance,25,May require,4,25,,28.75,27,799,,,,,,
JS7214,LINGU,Bachelor of Business Administration (Hons) - Human Resource Management and Analytics,工商管理學士(榮譽)(人力資源管理與分析),,FALSE,FALSE,FALSE,,商業與金融,Business & Finance,工商管理,Business Administration,人力資源,human Resources,17,May require,4,17,,28.5,26.5,799,,,,,,
JS7215,LINGU,Bachelor of Business Administration (Hons)- Marketing and Social Media,工商管理學士(榮譽)(市場營銷與社交媒體),,FALSE,FALSE,FALSE,,商業與金融,Business & Finance,工商管理,Business Administration,市場營銷,Marketing,36,Selective,4,36,,28.5,27.05,799,,,,,,
JS7216,LINGU,Bachelor of Business Administration (Honours) in Risk and Insurance Management,工商管理(榮譽)學士 - 風險及保險管理,,FALSE,FALSE,FALSE,,商業與金融,Business & Finance,工商管理,Business Administration,風險及保險管理,Risk and Insurance Management,,,,,,,,,,,,,,
JS7225,LINGU,Bachelor of Science (Honours) Data Science,理學士(榮譽)(數據科學),Business School,FALSE,TRUE,FALSE,,工程與科技,Engineering & Technology,數據科學,Data Science,,,25,Selective,4,25,,31.365,30.17,799,,29.75,28.88,,,
JS7301,LINGU,Bachelor of Social Sciences (Honours) - Economics,社會科學學士(榮譽)(經濟學),Faculty of Social Sciences,FALSE,TRUE,FALSE,,商業與金融,Business & Finance,經濟,Economics,,,14,May require,4,14,,26.4,26,799,,26,25,,,
JS7302,LINGU,Bachelor of Social Sciences (Honours) - Government and International Affairs,社會科學學士(榮譽)(政府與國際事務),Faculty of Social Sciences,FALSE,FALSE,FALSE,,社會科學與公共事務,Social Sciences & Public Affairs,公共事務,public affairs,國際關係,International Relations,14,May require,4,14,,28,26.9,799,,25,23.5,,,
JS7303,LINGU,Bachelor of Social Sciences (Honours) - Psychology,社會科學學士(榮譽)(心理學),Faculty of Social Sciences,FALSE,TRUE,FALSE,,社會科學與公共事務,Social Sciences & Public Affairs,社會科學,Social Sciences,心理學,psychology,20,May require,4,20,,25,24.5,799,,24,23.25,,,
JS7304,LINGU,Bachelor of Social Sciences (Honours) - Sociology,社會科學學士(榮譽)(社會學),Faculty of Social Sciences,FALSE,FALSE,FALSE,,社會科學與公共事務,Social Sciences & Public Affairs,社會科學,Social Sciences,,,18,May require,4,18,,25,24.5,799,,23.5,23,,,
JS7305,LINGU,Bachelor of Social Sciences (Honours) - Health and Social Services Management,社會科學學士(榮譽)(健康與社會服務管理),Faculty of Social Sciences,FALSE,FALSE,FALSE,,社會科學與公共事務,Social Sciences & Public Affairs,社會科學,Social Sciences,,,8,Selective,4,8,,21.5,21,799,,19.75,19.5,,,
JS7306,LINGU,Bachelor of Social Sciences (Honours) - Social and Public Policy Studies,社會科學學士(榮譽)(社會與公共政策研究),Faculty of Social Sciences,FALSE,FALSE,FALSE,,社會科學與公共事務,Social Sciences & Public Affairs,社會科學,Social Sciences,公共事務,public affairs,16,Selective,4,16,,24,23.9,799,,23,22.5,,,
JS7307,LINGU,Social Data Science,社會數據科學,Faculty of Social Sciences,FALSE,FALSE,FALSE,,社會科學與公共事務,Social Sciences & Public Affairs,數據科學,Data Science,社會科學,Social Sciences,10,May require,4,10,,24.25,23,799,,,,,,
JS7503,LINGU,Bachelor of Arts (Honours) in English Studies,文學士(榮譽)(英語研究),Faculty of Arts,FALSE,FALSE,FALSE,,人文語言與文化,"Humanities, Languages & Culture",英語,English,,,19,May require,4,19,,27.05,26.2,799,,27,26,,,
JS7606,LINGU,Bachelor of Arts (Honours) Cultural Studies,文學士(榮譽)(文化研究),Faculty of Arts,FALSE,FALSE,FALSE,,人文語言與文化,"Humanities, Languages & Culture",藝術,Arts,文化,culture,30,May require,4,30,,25.15,24.15,799,,24,24,,,
JS7709,LINGU,Bachelor of Arts (Hons) History,文學士(榮譽)(歷史),Faculty of Arts,FALSE,FALSE,FALSE,,人文語言與文化,"Humanities, Languages & Culture",藝術,Arts,歷史,history,31,May require,4,31,,26.2,26,799,,25.6,25.3,,,
JS7802,LINGU,Bachelor of Arts (Honours) Philosophy,文學士(榮譽)(哲學),Faculty of Arts,FALSE,FALSE,FALSE,,人文語言與文化,"Humanities, Languages & Culture",哲學,philosophy,,,24,May require,4,24,,26,25,799,,25,24.5,,,
JS7905,LINGU,Bachelor of Arts (Honours) in Film and Visual Arts,文學士(榮譽)(電影與視覺藝術),Faculty of Arts,FALSE,FALSE,FALSE,,創意藝術與設計,Creative Arts & Design,電影,Movie,視覺藝術,Visual Arts,20,May require,4,20,,28,27,799,,27,26,,,
JS8001,EDUHK,Bachelor of Arts (Honours) in Creative and Digital Arts and Bachelor of Education (Honours) (Music),創意藝術與數碼藝術榮譽文學士及音樂教育榮譽學士,Faculty of Cultural and  Creative Arts,TRUE,FALSE,FALSE,,教育,Education,教育,Education,音樂,music,32,Selective,5,32,,21.5,21.3,799,,19,18.5,,,
JS8002,EDUHK,Bachelor of Arts (Honours) in Creative and Digital Arts and Bachelor of Education (Honours) (Visual Arts),創意藝術與數碼藝術榮譽文學士及視覺藝術教育榮譽學士,Faculty of Humanities,TRUE,FALSE,FALSE,,教育,Education,教育,Education,藝術,Art,32,Selective,5,32,,22,22,799,,22,22,,,
JS8003,EDUHK,Bachelor of Arts (Honours) in Digital Chinese Culture and Communication and Bachelor of Education (Honours) (Chinese Language),數碼中國文化與傳意榮譽文學士及中文教育榮譽學士,Faculty of Humanities,TRUE,FALSE,FALSE,,人文語言與文化,"Humanities, Languages & Culture",中國文化,Chinese culture,中文,Chinese,64,Selective,5,64,,27.5,26,799,,26,25,,,
JS8004,EDUHK,Bachelor of Arts (Honours) in English Studies and Digital Communication and Bachelor of Education (Honours) (English Language),英語研究及數碼傳訊榮譽文學士及英文教育榮譽學士,Faculty of Humanities,TRUE,FALSE,FALSE,,教育,Education,教育,Education,英語,English,33,Selective,5,33,,23.5,23.5,799,,23.3,22.4,,,
JS8005,EDUHK,Bachelor of Arts (Honours) in Heritage Education and Arts Management and Bachelor of Education (Honours) (Chinese History),文化傳承教育與藝術管理榮譽文學士及中國歷史教育榮譽學士,Faculty of Humanities,TRUE,FALSE,FALSE,,教育,Education,教育,Education,中國歷史,Chinese history,12,Selective,5,12,,26.3,26,799,,23,21,,,
JS8006,EDUHK,Bachelor of Social Sciences (Honours) in Psychology and Bachelor of Education (Honours) (Early Childhood Education),心理學榮譽社會科學學士及幼兒教育榮譽學士,Faculty of Education and Human Development,TRUE,FALSE,FALSE,,教育,Education,幼兒教育,Early childhood education,教育,Education,45,Selective,5,45,,24,23.5,799,,22.5,22,,,
JS8007,EDUHK,"Bachelor of Arts (Honours) in Personal Finance and Bachelor of Education (Honours) (Business, Accounting and Financial Studies)",個人理財榮譽文學士及企業、會計與財務概論教育榮譽學士,Faculty of Liberal Arts and Social Sciences,TRUE,FALSE,FALSE,,教育,Education,教育,Education,會計,Accounting,12,Selective,5,12,,25,24.5,799,,22.3,21.8,,,
JS8008,EDUHK,Bachelor of Science (Honours) in Artificial Intelligence and Educational Technology and Bachelor of Education (Honours) (Information and Communication Technology and Primary Science),人工智能與教育科技榮譽理學士及資訊及通訊科技及小學科學教育榮譽學士,Department of Mathematics and Information Technology,TRUE,FALSE,FALSE,,教育,Education,教育,Education,人工智能,AI,13,Selective,5,13,,26,24.1,799,,23.8,23,,,
JS8009,EDUHK,Bachelor of Science (Honours) in Artificial Intelligence and Educational Technology and Bachelor of Education (Honours) (Primary Mathematics),人工智能與教育科技榮譽理學士及小學數學教育榮譽學士,Department of Mathematics and Information Technology,TRUE,FALSE,FALSE,,教育,Education,教育,Education,人工智能,AI,44,Selective,5,44,,25.5,25,799,,26.5,25,,,
JS8010,EDUHK,Bachelor of Science (Honours) in Sports Science and Coaching and Bachelor of Education (Honours) (Physical Education),運動科學及教練榮譽理學士及體育教育榮譽學士,Faculty of Liberal Arts and Social Sciences,TRUE,FALSE,FALSE,,教育,Education,教育,Education,體育,physical education,25,Selective,5,25,,22,20.8,799,,22,21,,,
JS8011,EDUHK,Bachelor of Science (Honours) in Integrated Environmental Management and Bachelor of Education (Honours) (Science),綜合環境管理榮譽理學士及科學教育榮譽學士,Faculty of Liberal Arts and Social Sciences,TRUE,FALSE,FALSE,,教育,Education,教育,Education,,,29,Selective,5,29,,24.6,24,799,,23,22,,,
JS8012,EDUHK,Bachelor of Social Sciences (Honours) in Sociology and Community Studies and Bachelor of Education (Honours) (Geography),社會學與社區研究榮譽社會科學學士及地理教育榮譽學士,Faculty of Liberal Arts and Social Sciences,TRUE,FALSE,FALSE,,教育,Education,教育,Education,,,12,Selective,5,12,,25.3,25,799,,24,23.6,,,
JS8013,EDUHK,Bachelor of Social Sciences (Honours) in Sociology and Community Studies and Bachelor of Education (Honours) (Primary Humanities),社會學與社區研究榮譽社會科學學士及小學人文科教育榮譽學士,Faculty of Liberal Arts and Social Sciences,TRUE,FALSE,FALSE,,教育,Education,教育,Education,,,20,Selective,5,20,,25.3,24.5,799,,20,19,,,
JS8651,EDUHK,Bachelor of Social Sciences (Honours) in Psychology,心理學榮譽社會科學學士,School of Education and Human Development,FALSE,TRUE,FALSE,,社會科學與公共事務,Social Sciences & Public Affairs,心理學,psychology,,,20,Selective,4,20,,20,20,799,,20,20,,,
JS8663,EDUHK,Bachelor of Arts (Honours) in Special Education,特殊教育榮譽文學士,School of Education and Human Development,FALSE,FALSE,FALSE,,教育,Education,教育,Education,特殊教育,Special Education,20,Selective,4,20,,23.5,23,799,,23,22.8,,,
JS8674,EDUHK,Bachelor of Arts (Honours) in Digital Chinese Culture and Communication,數碼中國文化與傳意榮譽文學士,Faculty of Humanities,FALSE,FALSE,FALSE,,新聞與傳播,Journalism & Communication,中國文化,Chinese culture,,,21,Selective,4,21,,23.8,23.1,799,,24.3,23.4,,,
JS8675,EDUHK,Bachelor of Arts (Honours) in English Studies and Digital Communication,英語研究及數碼傳訊榮譽文學士,School of Education and Human Development,FALSE,FALSE,FALSE,,新聞與傳播,Journalism & Communication,英語,English,傳播,Communications,17,Selective,4,17,,21.5,21,799,,20.5,20,,,
JS8685,EDUHK,Bachelor of Arts (Honours) in Creative and Digital Arts (Music),創意及數碼藝術學(榮譽)文學士(音樂),,FALSE,FALSE,FALSE,,創意藝術與設計,Creative Arts & Design,創意媒體,Creative Media,音樂,music,10,Selective,4,10,,20.3,19.3,799,,18,18,,,
JS8686,EDUHK,Bachelor of Arts (Honours) in Creative and Digital Arts (Visual Arts),創意藝術與數碼藝術榮譽文學士 (視覺藝術),Faculty of Humanities,FALSE,FALSE,FALSE,,創意藝術與設計,Creative Arts & Design,視覺藝術,Visual Arts,,,10,Selective,4,10,,22,21.8,799,,21,20.5,,,
JS8687,EDUHK,Bachelor of Arts (Honours) in Heritage Education and Arts Management,文化傳承教育與藝術管理榮譽文學士,School of Education and Human Development,FALSE,FALSE,FALSE,,教育,Education,教育,Education,藝術,Art,22,Selective,4,22,,25.5,25.5,799,,25.5,25,,,
JS8688,EDUHK,Bachelor of Arts (Honours) in Personal Finance,個人理財榮譽文學士,/,FALSE,FALSE,FALSE,,商業與金融,Business & Finance,金融,finance,,,10,Selective,4,10,,19,18.8,799,,,,,,
JS8702,EDUHK,Bachelor of Science (Honours) in Integrated Environmental Management,綜合環境管理榮譽理學士,Faculty of Liberal Arts and Social Sciences,FALSE,FALSE,FALSE,,科學,Science,環境管理,Environmental Management,,,21,Selective,4,21,,23.2,23,799,,22.2,21.7,,,
JS8714,EDUHK,Bachelor of Science (Honours) in Artificial Intelligence and Educational Technology,人工智能與教育科技榮譽理學士,Faculty of Liberal Arts and Social Sciences,FALSE,FALSE,FALSE,,工程與科技,Engineering & Technology,人工智能,AI,科技,Technology,30,Selective,4,30,,25,24.5,799,,,,,,
JS8726,EDUHK,Bachelor of Science (Honours) in Sports Science and Coaching,運動科學及教練榮譽理學士,Faculty of Liberal Arts and Social Sciences,FALSE,FALSE,FALSE,,體育,Sports,運動科學,Sports Science,,,29,Selective,4,29,,28.5,27.5,799,,28.5,26.5,,,
JS8727,EDUHK,Bachelor of Science (Honours) in Speech Pathology and Rehabilitation,言語病理學及復康榮譽理學士,/,FALSE,FALSE,FALSE,,醫療,Healthcare,言語治療,Speech therapy,,,10,Selective,4,10,,28,26,799,,,,,,
JS9009,HKMU,Bachelor of Social Sciences with Honours,社會科學榮譽學士,School of Arts & Social Sciences,FALSE,FALSE,FALSE,FALSE,社會科學與公共事務,Social Sciences & Public Affairs,社會科學,Social Sciences,,,120,No,4,120,,16,15,,,16,15,,,
JS9010,HKMU,Bachelor of Social Sciences with Honours in Psychology,心理學榮譽社會科學學士,School of Arts & Social Sciences,FALSE,FALSE,FALSE,FALSE,社會科學與公共事務,Social Sciences & Public Affairs,心理學,psychology,,,140,No,4,140,,16,14,,,16,14,,,
JS9011,HKMU,Bachelor of Arts with Honours in Chinese,中文榮譽文學士,School of Arts & Social Sciences,FALSE,FALSE,FALSE,FALSE,人文語言與文化,"Humanities, Languages & Culture",中文,Chinese,,,50,No,4,50,,22,21,,,21,20,,,
JS9013,HKMU,Bachelor of Arts with Honours in Language Studies and Translation,語言研究與翻譯榮譽文學士,School of Arts & Social Sciences,FALSE,FALSE,FALSE,FALSE,人文語言與文化,"Humanities, Languages & Culture",翻譯,Translation,語言學,linguistics,40,No,4,40,,20,19,,,20,18,,,
JS9016,HKMU,Bachelor of Arts with Honours in Creative Advertising and Media Design,創意廣告及媒體設計榮譽文學士,School of Arts & Social Sciences,FALSE,FALSE,FALSE,FALSE,創意藝術與設計,Creative Arts & Design,設計,design,傳播,Communications,70,No,4,70,,20,18,,,19,18,,,
JS9019,HKMU,Bachelor of Arts with Honours in English Language and Culture,英語及文化榮譽文學士,School of Arts & Social Sciences,FALSE,FALSE,FALSE,FALSE,人文語言與文化,"Humanities, Languages & Culture",英語,English,,,30,No,4,30,,17,15,,,16,15,,,
JS9220,HKMU,Bachelor of Business Administration with Honours in Professional Accounting,專業會計榮譽工商管理學士,Lee Shau Kee School of Business & Administration,FALSE,FALSE,FALSE,FALSE,商業與金融,Business & Finance,會計,Accounting,,,40,No,4,40,,17,17,,,17,16,,,
JS9230,HKMU,Bachelor of Business Administration with Honours in Business Management,商業管理學榮譽工商管理學士,Lee Shau Kee School of Business & Administration,FALSE,FALSE,FALSE,FALSE,商業與金融,Business & Finance,工商管理,Business Administration,,,40,No,4,40,,16,15,,,16,15,,,
JS9240,HKMU,Bachelor of Business Administration with Honours in Global Business,環球商業榮譽工商管理學士,Lee Shau Kee School of Business & Administration,FALSE,FALSE,FALSE,FALSE,商業與金融,Business & Finance,環球商業,Global Business,,,20,No,4,20,,18,17,,,17,16,,,
JS9262,HKMU,Bachelor of Business Administration with Honours in Human Resource Management,人力資源管理學榮譽工商管理學士,Lee Shau Kee School of Business & Administration,FALSE,FALSE,FALSE,FALSE,商業與金融,Business & Finance,人力資源,human Resources,,,20,No,4,20,,16,14,,,16,16,,,
JS9266,HKMU,Bachelor of Business Administration with Honours in Marketing,市場學榮譽工商管理學士,Lee Shau Kee School of Business & Administration,FALSE,FALSE,FALSE,FALSE,商業與金融,Business & Finance,市場學,Marketing,,,20,No,4,20,,16,15,,,16,15,,,
JS9276,HKMU,Bachelor of Business Administration with Honours in Real Estate and Surveying,房地產及測量學榮譽工商管理學士,Lee Shau Kee School of Business & Administration,FALSE,FALSE,FALSE,FALSE,建築、測量與城市規劃,"Architecture, Surveying & Urban Planning",測量,Surveying,工商管理,Business Administration,20,No,4,20,,17,16,,,,,,,
JS9280,HKMU,"Bachelor of Applied Psychology with Honours, Bachelor of Business Management with Honours",應用心理學榮譽學士，商業管理榮譽學士,Lee Shau Kee School of Business & Administration,TRUE,FALSE,FALSE,FALSE,社會科學與公共事務,Social Sciences & Public Affairs,心理學,psychology,工商管理,Business Administration,25,No,4,25,,16,15,,,15,14,,,
JS9291,HKMU,Bachelor of Business Administration with Honours in Sustainable Tourism and Hospitality Management,持續旅遊及款待管理榮譽工商管理學士,Lee Shau Kee School of Business & Administration,FALSE,FALSE,FALSE,FALSE,商業與金融,Business & Finance,酒店管理,hotel management,管理,Management,25,No,4,25,,16,15,,,16,14,,,
JS9294,HKMU,Bachelor of Business Administration with Honours in Sports and eSports Management,運動及電競運動管理榮譽工商管理學士,Lee Shau Kee School of Business & Administration,FALSE,FALSE,FALSE,FALSE,體育,Sports,運動科學,Sports Science,管理,Management,25,No,4,25,,17,16,,,17,15,,,
JS9520,HKMU,Bachelor of Education with Honours (Putonghua and Chinese Language Education) and Bachelor of Language Studies with Honours (Chinese Linguistic Studies),教育榮譽學士（普通話及中文教育）及語言研究榮譽學士（漢語語言學研究）,School of Education & Languages,TRUE,FALSE,FALSE,TRUE,教育,Education,教育,Education,語言學,linguistics,25,Yes (on a selective basis),4,25,,22,21,,,20,18,,,
JS9530,HKMU,Bachelor of Education with Honours in English Language Teaching and Bachelor of English Language Studies with Honours,英語教學榮譽教育學士及英語研究榮譽學士,School of Education & Languages,TRUE,FALSE,FALSE,TRUE,教育,Education,教育,Education,英語,English,30,Yes (on a selective basis),4,30,,20,19,,,20,19,,,
JS9540,HKMU,Bachelor of English Language Studies with Honours,英語研究榮譽學士,School of Education & Languages,FALSE,FALSE,FALSE,FALSE,人文語言與文化,"Humanities, Languages & Culture",英語,English,,,20,No,4,20,,20,18,,,19,17,,,
JS9550,HKMU,Bachelor of Language Studies with Honours (Applied Chinese Language Studies),語言研究榮譽學士（應用中國語言）,School of Education & Languages,FALSE,FALSE,FALSE,FALSE,人文語言與文化,"Humanities, Languages & Culture",中文,Chinese,語言學,linguistics,20,No,4,20,,22,19,,,19,19,,,
JS9560,HKMU,Bachelor of Education with Honours (Chinese Language Teaching) and Bachelor of Language Studies with Honours (Applied Chinese Language Studies),教育榮譽學士（中國語文教學）及語言研究榮譽學士（應用中國語言）,School of Education & Languages,TRUE,FALSE,FALSE,TRUE,教育,Education,教育,Education,中文,Chinese,30,Yes (for all applicants),4,30,,22,21,,,22,21,,,
JS9580,HKMU,Bachelor of Education with Honours in Early Childhood Education (Leadership and Special Educational Needs),教育榮譽學士（幼兒教育：領導及特殊教育需要）,School of Education & Languages,FALSE,FALSE,FALSE,TRUE,教育,Education,教育,Education,幼兒教育,Early childhood education,40,Yes (on a selective basis),4,40,,16,14,,,16,14,,,
JS9719,HKMU,Bachelor of Science with Honours in Cyber and Computer Security,網路及電腦安全榮譽理學士,School of Science & Technology,FALSE,FALSE,FALSE,FALSE,工程與科技,Engineering & Technology,網絡安全,Cybersecurity,電腦科學,Computer Science,30,No,4,30,,15,15,,,16,14,,,
JS9720,HKMU,Bachelor of Engineering with Honours in Electronic and Computer Engineering,電子及電腦工程學榮譽工學士,School of Science & Technology,FALSE,FALSE,FALSE,FALSE,工程與科技,Engineering & Technology,電子工程,Electronic Engineering,電腦工程,Computer Engineering,30,No,4,30,,17,16,,,17,16,,,
JS9731,HKMU,Bachelor of Science with Honours in Environmental Science and Green Management,環境科學與綠色管理榮譽理學士,School of Science & Technology,FALSE,FALSE,FALSE,FALSE,科學,Science,環境科學,Environmental Science,,,35,No,4,35,,17,16,,,17,15,,,
JS9732,HKMU,Bachelor of Science with Honours in Biomedical Sciences and Biotechnology,生物醫學與生物科技榮譽理學士,School of Science & Technology,FALSE,FALSE,FALSE,FALSE,科學,Science,生物科技,Biotechnology,,,30,No,4,30,,17,16,,,16,16,,,
JS9733,HKMU,Bachelor of Science with Honours in Science (STEAM),科學（ＳＴＥＡＭ）榮譽理學士,School of Science & Technology,FALSE,FALSE,FALSE,FALSE,科學,Science,科學,science,,,30,No,4,30,,17,15,,,17,15,,,
JS9775,HKMU,Bachelor of Applied Science with Honours in Robotics and Automation Engineering,機器人和自動化工程榮譽應用理學士,School of Science & Technology,FALSE,FALSE,FALSE,FALSE,工程與科技,Engineering & Technology,工程,Engineering,電腦工程,Computer Engineering,30,No,4,30,,,,,,,,,,
JS9776,HKMU,Bachelor of Science with Honours in Building Engineering and Management,建造工程與管理榮譽理學士,School of Science & Technology,FALSE,FALSE,FALSE,FALSE,建築、測量與城市規劃,"Architecture, Surveying & Urban Planning",屋宇設備,Building equipment,管理,Management,30,No,4,30,,19,17,,,,,,,
JSSU12,HKMU,Bachelor of Arts with Honours in Creative Writing and Film Arts,創意寫作與電影藝術榮譽文學士,School of Arts & Social Sciences,FALSE,FALSE,FALSE,FALSE,創意藝術與設計,Creative Arts & Design,藝術,Arts,視覺藝術,Visual Arts,45,No,4,45,,20,19,,,,,,,
JSSU14,HKMU,Bachelor of Fine Arts with Honours in Animation and Visual Effects,動畫及視覺特效榮譽藝術學士,School of Arts & Social Sciences,FALSE,FALSE,FALSE,FALSE,創意藝術與設計,Creative Arts & Design,動畫,Animation,,,80,No,4,80,,16,15,,,,,,,
JSSU15,HKMU,Bachelor of Fine Arts with Honours in Imaging Design and Digital Art,影像設計及數碼藝術榮譽藝術學士,School of Arts & Social Sciences,FALSE,FALSE,FALSE,FALSE,創意藝術與設計,Creative Arts & Design,設計,design,視覺藝術,Visual Arts,35,No,4,35,,17,15,,,,,,,
JSSU18,HKMU,Bachelor of Arts with Honours in New Music and Interactive Entertainment,新音樂及互動娛樂榮譽文學士,School of Arts & Social Sciences,FALSE,FALSE,FALSE,FALSE,創意藝術與設計,Creative Arts & Design,音樂,music,藝術,Arts,35,No,4,35,,16,14,,,,,,,
JSSU40,HKMU,Bachelor of Nursing with Honours in General Health Care,護理學榮譽學士（普通科）,School of Nursing & Health Sciences,FALSE,FALSE,FALSE,TRUE,醫療,Healthcare,護理,Nursing,,,410,Yes (on a selective basis),5,410,,21,20,,,,,,,
JSSU50,HKMU,Bachelor of Nursing with Honours in Mental Health Care,護理學榮譽學士（精神科）,School of Nursing & Health Sciences,FALSE,FALSE,FALSE,TRUE,醫療,Healthcare,護理,Nursing,,,100,Yes (on a selective basis),5,100,,19,18,,,,,,,
JSSU55,HKMU,Bachelor of Science with Honours in Physiotherapy,物理治療學榮譽理學士,School of Nursing & Health Sciences,FALSE,FALSE,FALSE,TRUE,醫療,Healthcare,物理治療,Physiotherapy,,,55,Yes (on a selective basis),4,55,,22,20,,,,,,,
JSSU61,HKMU,"Bachelor of Applied Science with Honours in Integrated Testing, Inspection and Certification",綜合檢測和認證榮譽應用理學士,School of Science & Technology,FALSE,FALSE,FALSE,FALSE,科學,Science,科學,science,,,80,No,4,80,,17,16,,,,,,,
JSSU66,HKMU,Bachelor of Science with Honours in Diagnostic Radiography,放射診斷學榮譽理學士,School of Nursing & Health Sciences,FALSE,FALSE,FALSE,TRUE,醫療,Healthcare,放射,Radiography,,,30,Yes (for all applicants),4,30,,,,,,,,,,
JSSU67,HKMU,Bachelor of Science with Honours in Medical Laboratory Science,醫療化驗科學榮譽理學士,School of Nursing & Health Sciences,FALSE,FALSE,FALSE,TRUE,醫療,Healthcare,醫療化驗,Medical Laboratory Science,,,60,Yes (on a selective basis),4,60,,19,18,,,,,,,
JSSU69,HKMU,Bachelor of Science with Honours in Food Testing Science,食品測試科學榮譽理學士,School of Science & Technology,FALSE,FALSE,FALSE,FALSE,科學,Science,食品科學,Food Science,,,45,No,4,45,,17,16,,,,,,,
JSSU70,HKMU,Bachelor of Science with Honours in Data Science and Artificial Intelligence,數據科學及人工智能榮譽理學士,School of Science & Technology,FALSE,FALSE,FALSE,FALSE,工程與科技,Engineering & Technology,數據科學,Data Science,,,45,No,4,45,,16,16,,,,,,,
JSSU72,HKMU,Bachelor of Science with Honours in Computer Science,電腦科學榮譽理學士,School of Science & Technology,FALSE,FALSE,FALSE,FALSE,工程與科技,Engineering & Technology,電腦科學,Computer Science,,,55,No,4,55,,17,16,,,,,,,
JSSU77,HKMU,Bachelor of Science with Honours in Construction Management and Quantity Surveying,建築管理及工料測量學榮譽理學士,School of Science & Technology,FALSE,FALSE,FALSE,FALSE,建築、測量與城市規劃,"Architecture, Surveying & Urban Planning",建築管理,Construction,工料測量,Surveying,30,No,4,30,,17,16,,,,,,,
JSSU78,HKMU,Bachelor of Engineering with Honours in Building Services Engineering and Sustainable Development,屋宇設備工程及可持續發展榮譽工學士,School of Science & Technology,FALSE,FALSE,FALSE,FALSE,建築、測量與城市規劃,"Architecture, Surveying & Urban Planning",屋宇設備,Building equipment,,,20,No,4,20,,17,16,,,,,,,
JSSU79,HKMU,Bachelor of Engineering with Honours in Civil Engineering,土木工程榮譽工學士,School of Science & Technology,FALSE,FALSE,FALSE,FALSE,工程與科技,Engineering & Technology,土木工程,civil Engineering,,,55,No,4,55,,17,16,,,,,,,
JSSU90,HKMU,Bachelor of Business Administration with Honours in International Hospitality and Attractions Management,國際款待及景區管理榮譽工商管理學士,Lee Shau Kee School of Business & Administration,FALSE,FALSE,FALSE,FALSE,商業與金融,Business & Finance,酒店管理,hotel management,,,40,No,4,40,,16,15,,,,,,,
JSSU93,HKMU,Bachelor of Business Administration with Honours in Aviation Services Management,航空服務管理榮譽工商管理學士,Lee Shau Kee School of Business & Administration,FALSE,FALSE,FALSE,FALSE,商業與金融,Business & Finance,管理,Management,,,45,No,4,45,,16,16,,,,,,,
JSSU95,HKMU,Bachelor of Business Administration with Honours in Sports and Recreation Management,運動及康樂管理榮譽工商管理學士,Lee Shau Kee School of Business & Administration,FALSE,FALSE,FALSE,FALSE,體育,Sports,運動科學,Sports Science,管理,Management,55,No,4,55,,16,14,,,,,,,
JSSU96,HKMU,Bachelor of Business Administration with Honours in Finance and Financial Technology,財務及金融科技榮譽工商管理學士,Lee Shau Kee School of Business & Administration,FALSE,FALSE,FALSE,FALSE,商業與金融,Business & Finance,金融,finance,,,25,No,4,25,,17,16,,,,,,,
JSSU97,HKMU,Bachelor of Business Administration with Honours in Global Marketing and Supply Chain Management,環球市場及供應鏈管理榮譽工商管理學士,Lee Shau Kee School of Business & Administration,FALSE,FALSE,FALSE,FALSE,商業與金融,Business & Finance,市場學,Marketing,供應鏈,supply chain,20,No,4,20,,17,16,,,,,,,
